{
"type": "FeatureCollection",
"name": "amostra3_linhas_corrigidas",
"crs": { "type": "name", "properties": { "name": "urn:ogc:def:crs:OGC:1.3:CRS84" } },
"features": [
{ "type": "Feature", "properties": { "id_linha": 1, "comprimento_m": 183.291, "classificacao": "reta", "n_pontos": 35, "desvio_relativo": 0.00869 }, "geometry": { "type": "LineString", "coordinates": [ [ -59.948390963420501, -3.13648467413283 ], [ -59.948389098930129, -3.136460661054524 ], [ -59.9483872244002, -3.136436648048607 ], [ -59.948387954876729, -3.136411926249242 ], [ -59.94838867645435, -3.136387204514118 ], [ -59.948387902962523, -3.136363608338673 ], [ -59.94838712291623, -3.136340012210515 ], [ -59.948386232120143, -3.136314915223173 ], [ -59.948385335687725, -3.13628981827652 ], [ -59.948384482855978, -3.136265221567978 ], [ -59.948383626354044, -3.136240624885873 ], [ -59.948383826456975, -3.136215944802082 ], [ -59.948384024606383, -3.136191264732407 ], [ -59.948384301741548, -3.136167585198165 ], [ -59.948384578649488, -3.136143905665615 ], [ -59.948384777043685, -3.136119225594021 ], [ -59.948384976897749, -3.136094545511916 ], [ -59.948384120637698, -3.136069948827955 ], [ -59.948383267557311, -3.136045352120972 ], [ -59.948381620100896, -3.13602081797917 ], [ -59.948379977525605, -3.135996283802069 ], [ -59.948379988046263, -3.1359726251359 ], [ -59.948380004665012, -3.135948966425695 ], [ -59.948379224091909, -3.135925370300951 ], [ -59.9483784511133, -3.135901774121366 ], [ -59.948378118348884, -3.135877135771017 ], [ -59.948377795559779, -3.13585249734867 ], [ -59.948378437279892, -3.135826775083528 ], [ -59.948379091796397, -3.135801052726022 ], [ -59.948378914135013, -3.135778415467412 ], [ -59.948378747825537, -3.135755778126805 ], [ -59.948377263345506, -3.13573676783361 ], [ -59.948375787752788, -3.135717757476177 ], [ -59.948376678413425, -3.135688491656421 ], [ -59.948377592498957, -3.135659225667617 ], [ -59.9483769723618, -3.135634358058677 ], [ -59.948376371091967, -3.135609490313485 ], [ -59.948376843159643, -3.135585039598505 ], [ -59.948377335163869, -3.135560588739651 ], [ -59.948377680791552, -3.135537909816049 ], [ -59.948378044976401, -3.135515230758514 ], [ -59.948377099653641, -3.135489633611132 ], [ -59.948376179823107, -3.135464036279709 ], [ -59.948378025702731, -3.135440231758445 ], [ -59.948379895212767, -3.135416427066715 ], [ -59.948379593401356, -3.135392289045271 ], [ -59.948379317537508, -3.135368150836479 ], [ -59.948378975374986, -3.135343512553363 ], [ -59.948378661963666, -3.135318874062706 ], [ -59.948379128992485, -3.135294423383693 ], [ -59.948379626023005, -3.135269972488133 ], [ -59.948380882472406, -3.135245459279456 ], [ -59.948382170766486, -3.13522094584097 ], [ -59.948382655916134, -3.135196745307436 ], [ -59.948383173769734, -3.135172544537875 ], [ -59.948384289558049, -3.135146280409281 ], [ -59.948385445868588, -3.135120015988273 ], [ -59.948385297728059, -3.13509787906869 ], [ -59.948385179769836, -3.135075741931238 ], [ -59.948384713130821, -3.135049602887646 ], [ -59.948384290492868, -3.135023463526456 ], [ -59.948384608245803, -3.135000534526944 ], [ -59.948384961335329, -3.134977605272388 ], [ -59.948384622249435, -3.134953092104805 ], [ -59.948384325220211, -3.134928578633653 ], [ -59.948384564069499, -3.134903012829055 ], [ -59.948384850546283, -3.134877446680726 ], [ -59.948386950204572, -3.134853621382764 ], [ -59.948389092801207, -3.134829795774975 ] ] } },
{ "type": "Feature", "properties": { "id_linha": 2, "comprimento_m": 265.467, "classificacao": "reta", "n_pontos": 49, "desvio_relativo": 0.00629 }, "geometry": { "type": "LineString", "coordinates": [ [ -59.948460743579325, -3.137231162867317 ], [ -59.948461892909542, -3.137206534767681 ], [ -59.94846300547988, -3.137181906933502 ], [ -59.94846415394403, -3.137157278840019 ], [ -59.948465267377905, -3.137132650999484 ], [ -59.948464146734885, -3.137107824891848 ], [ -59.948462992216463, -3.137082999028736 ], [ -59.948463695846307, -3.137057776870542 ], [ -59.948464366392543, -3.137032554951226 ], [ -59.94846243437128, -3.137007541254955 ], [ -59.948460471585577, -3.136982527780703 ], [ -59.948460723191985, -3.13695834787833 ], [ -59.948460947753937, -3.136934168171261 ], [ -59.948461198540244, -3.136909988274784 ], [ -59.948461423920286, -3.136885808561733 ], [ -59.948460131554803, -3.136862254019278 ], [ -59.948458816593799, -3.136838699639848 ], [ -59.948459213774619, -3.136812998084276 ], [ -59.948459585965601, -3.136787296709119 ], [ -59.948458516938501, -3.136763221057875 ], [ -59.948457427637706, -3.136739145552972 ], [ -59.948458728969477, -3.136714882298204 ], [ -59.948460011387176, -3.136690619180086 ], [ -59.948460823571303, -3.136666897896368 ], [ -59.948461619235324, -3.136643176731944 ], [ -59.948461183672208, -3.136617037465432 ], [ -59.948460730009415, -3.136590898329565 ], [ -59.94845939421932, -3.136566843547472 ], [ -59.948458044777524, -3.136542788863864 ], [ -59.948456708179265, -3.136518734087542 ], [ -59.948455359544489, -3.136494679398061 ], [ -59.948455564140232, -3.136469999281672 ], [ -59.948455757797454, -3.136445319244234 ], [ -59.948454658986599, -3.136412857058108 ], [ -59.948453544731734, -3.136380394983404 ], [ -59.948452417016732, -3.136347933005785 ], [ -59.94845055024043, -3.136323919943801 ], [ -59.948448677984253, -3.136299906921295 ], [ -59.948449406040986, -3.136275185138683 ], [ -59.948450130024121, -3.136250463385522 ], [ -59.948449803405047, -3.136225824990825 ], [ -59.948449474474053, -3.136201186612818 ], [ -59.94844967388412, -3.136176506533509 ], [ -59.94844987271582, -3.136151826458379 ], [ -59.948449095423989, -3.136128230309845 ], [ -59.948448319161777, -3.136104634153861 ], [ -59.948447950958872, -3.136079495506292 ], [ -59.948447585709729, -3.136054356837405 ], [ -59.94844699219221, -3.136029739312796 ], [ -59.94844640325595, -3.136005121755097 ], [ -59.948445847956421, -3.135981004507454 ], [ -59.948445298697273, -3.135956887216196 ], [ -59.948444440023927, -3.13593229054922 ], [ -59.948443589343768, -3.13590769382452 ], [ -59.94844438875139, -3.135883972632112 ], [ -59.948445197160723, -3.135860251374753 ], [ -59.948444336790807, -3.135835654719977 ], [ -59.948443487803885, -3.135811057982983 ], [ -59.948443153445595, -3.135786419643702 ], [ -59.948442832238044, -3.135761781209445 ], [ -59.948442780077265, -3.135737372165748 ], [ -59.948442742515063, -3.135712963016678 ], [ -59.948442650215689, -3.135688053709816 ], [ -59.948442574893257, -3.135663144280392 ], [ -59.948441829014016, -3.135640048457542 ], [ -59.948441099220616, -3.135616952518566 ], [ -59.94844118225847, -3.135594294433861 ], [ -59.948441282131448, -3.135571636227594 ], [ -59.948441918467026, -3.135545914000395 ], [ -59.948442578346501, -3.135520191603276 ], [ -59.948443292583718, -3.135495469919367 ], [ -59.948444030353045, -3.135470748065675 ], [ -59.948443992892074, -3.135446589191949 ], [ -59.948443979567038, -3.135422430143992 ], [ -59.948444086188125, -3.135396749627791 ], [ -59.948444221983678, -3.135371068901015 ], [ -59.948443998437, -3.13534793141996 ], [ -59.948443800092321, -3.135324793756969 ], [ -59.948445146496283, -3.13530140614239 ], [ -59.948446520098294, -3.135278018331571 ], [ -59.948446422865189, -3.135251472791022 ], [ -59.948446362740775, -3.135224926982642 ], [ -59.9484459061688, -3.135200549273174 ], [ -59.948445482653248, -3.135176171325107 ], [ -59.948447080211317, -3.135152637815343 ], [ -59.948448710073308, -3.135129104072461 ], [ -59.948448811083686, -3.135103423596361 ], [ -59.948448952476951, -3.135077742828783 ], [ -59.948450265178771, -3.135053980042397 ], [ -59.948451614048146, -3.135030216994982 ], [ -59.948450778878801, -3.135006120710308 ], [ -59.948449982558756, -3.134982024145192 ], [ -59.948451094541589, -3.134955760043154 ], [ -59.948452254638781, -3.134929495593887 ], [ -59.948451984426526, -3.134905857896264 ], [ -59.948451754833123, -3.134882219905459 ], [ -59.948452780991957, -3.134858227854527 ], [ -59.948453850551466, -3.134834235490342 ] ] } },
{ "type": "Feature", "properties": { "id_linha": 3, "comprimento_m": 302.983, "classificacao": "reta", "n_pontos": 57, "desvio_relativo": 0.00615 }, "geometry": { "type": "LineString", "coordinates": [ [ -59.948524603479591, -3.137540705878371 ], [ -59.948525033089808, -3.137515254365533 ], [ -59.948525411820604, -3.137489803220076 ], [ -59.948526725968513, -3.13746553987332 ], [ -59.948527995595761, -3.137441276848042 ], [ -59.948527689953899, -3.137416638302759 ], [ -59.948527340080176, -3.137392000076851 ], [ -59.948529179521231, -3.137367695050689 ], [ -59.948530977647756, -3.137343390322918 ], [ -59.948532327445832, -3.137319627271385 ], [ -59.948533639311563, -3.137295864493759 ], [ -59.948532918710974, -3.137272768489586 ], [ -59.948532163681314, -3.137249672733958 ], [ -59.948535409788789, -3.137222991403569 ], [ -59.948538612098623, -3.137196310389507 ], [ -59.948538943855674, -3.137173131014036 ], [ -59.948539244057748, -3.137149951866403 ], [ -59.948539105620483, -3.137127564601624 ], [ -59.9485389390629, -3.137105177539853 ], [ -59.948540467537455, -3.137076870335005 ], [ -59.948541953444185, -3.137048563437552 ], [ -59.948539801800429, -3.137027593636759 ], [ -59.948537628001453, -3.137006623995836 ], [ -59.948536625007463, -3.136982210341671 ], [ -59.948535593579521, -3.136957796892755 ], [ -59.948534589437728, -3.13693337577594 ], [ -59.948533558533889, -3.136908954852247 ], [ -59.948532553850264, -3.136884541210244 ], [ -59.948531524109249, -3.136860127749094 ], [ -59.948531838047373, -3.136835061956822 ], [ -59.948532127393364, -3.136809996342089 ], [ -59.948532025968852, -3.13678471168718 ], [ -59.94853190138042, -3.136759427199482 ], [ -59.948531696190159, -3.136734528180069 ], [ -59.94853147033907, -3.136709629309829 ], [ -59.94853064417812, -3.136685282684984 ], [ -59.948529799948354, -3.136660936190549 ], [ -59.948530510024234, -3.13664275961217 ], [ -59.948531210853297, -3.136624583100597 ], [ -59.948531553030143, -3.136601653925697 ], [ -59.948531881739314, -3.136578724848046 ], [ -59.948530217140906, -3.136550417739894 ], [ -59.948528534376322, -3.136522110762808 ], [ -59.948527530800867, -3.136495512930624 ], [ -59.948526513444676, -3.136468915197836 ], [ -59.948526791191306, -3.136443474251688 ], [ -59.948527058290537, -3.136418033382391 ], [ -59.948526678461178, -3.13639352524573 ], [ -59.948526290486214, -3.136369017167798 ], [ -59.948525909802598, -3.136344509037226 ], [ -59.948525522680107, -3.136320000953125 ], [ -59.948524445795513, -3.136295925357946 ], [ -59.948523364328111, -3.136271849795821 ], [ -59.948522636716291, -3.136252276655179 ], [ -59.948521907045674, -3.136232703529341 ], [ -59.948519824269567, -3.136205938985643 ], [ -59.948517739568295, -3.136179174455731 ], [ -59.948518797569676, -3.136151909638846 ], [ -59.948519855903022, -3.13612464481963 ], [ -59.948520532106457, -3.136099297719383 ], [ -59.948521210554489, -3.136073950602988 ], [ -59.948521515061913, -3.136050646284806 ], [ -59.948521822997797, -3.136027341941839 ], [ -59.94852050202492, -3.136001901059879 ], [ -59.948519186971879, -3.135976460135098 ], [ -59.948519299574173, -3.135952415844631 ], [ -59.948519419117929, -3.135928371504038 ], [ -59.948519515846947, -3.13590244078295 ], [ -59.948519622596663, -3.135876509989533 ], [ -59.948518313980074, -3.135852955563402 ], [ -59.948517015231488, -3.135829401065956 ], [ -59.948515588234649, -3.135804345835681 ], [ -59.9485141741742, -3.135779290511978 ], [ -59.94851549836482, -3.135755527643131 ], [ -59.948516835768906, -3.135731764678932 ], [ -59.94851566635532, -3.135708324914156 ], [ -59.948514511322017, -3.13568488504557 ], [ -59.948514141289245, -3.135661507817312 ], [ -59.948513787036461, -3.13563813047514 ], [ -59.948514878841635, -3.135613127373253 ], [ -59.948515990433968, -3.135588124128597 ], [ -59.948515490897769, -3.135563121038211 ], [ -59.948515012979009, -3.135538117791774 ], [ -59.948515562627747, -3.13551466762138 ], [ -59.948516132823634, -3.135491217302674 ], [ -59.948518427124021, -3.135466370549692 ], [ -59.948520746193672, -3.135441523618004 ], [ -59.94851981234109, -3.135419449201097 ], [ -59.948518899402444, -3.135397374633166 ], [ -59.948518379800078, -3.135370485142224 ], [ -59.948517893272964, -3.135343595412513 ], [ -59.94851876576395, -3.135319238528159 ], [ -59.948519667132359, -3.135294881435403 ], [ -59.948520538785402, -3.135270524557032 ], [ -59.948521440989367, -3.135246167458183 ], [ -59.9485221503747, -3.135221445808288 ], [ -59.948522892973202, -3.13519672391869 ], [ -59.948522060613378, -3.135172627613606 ], [ -59.948521261480067, -3.135148531068667 ], [ -59.948521798952157, -3.135128353523157 ], [ -59.94852236074599, -3.135108175802093 ], [ -59.948523802979906, -3.135079368663583 ], [ -59.948525297124817, -3.13505056115041 ], [ -59.948524014929617, -3.13502750708572 ], [ -59.948522767631012, -3.135004452769095 ], [ -59.948525540235259, -3.134979064121955 ], [ -59.948528356867094, -3.134953675157129 ], [ -59.948528757806606, -3.134928474124238 ], [ -59.948529204044668, -3.134903272764409 ], [ -59.948528833764556, -3.134878384406461 ], [ -59.948528509483999, -3.134853495716495 ], [ -59.9485282380437, -3.134829858027229 ], [ -59.948528009665672, -3.134806220027124 ] ] } },
{ "type": "Feature", "properties": { "id_linha": 4, "comprimento_m": 302.337, "classificacao": "reta", "n_pontos": 57, "desvio_relativo": 0.00596 }, "geometry": { "type": "LineString", "coordinates": [ [ -59.94858968028241, -3.137566261251381 ], [ -59.948591108492678, -3.137541737332466 ], [ -59.948592488553892, -3.137517213761225 ], [ -59.948593049470382, -3.137491751828206 ], [ -59.948593560333848, -3.137466290256583 ], [ -59.948593331252617, -3.137442652264019 ], [ -59.948593060602789, -3.137419014571563 ], [ -59.948593525986162, -3.1373940633527 ], [ -59.948593946825312, -3.137369112455448 ], [ -59.948595427144717, -3.137343577582455 ], [ -59.948596862743578, -3.137318043032423 ], [ -59.948597948651653, -3.137294300828821 ], [ -59.948598997499197, -3.137270558892826 ], [ -59.948600731773467, -3.137246639511368 ], [ -59.948602430024458, -3.13722272039006 ], [ -59.948603825661891, -3.137199582697828 ], [ -59.948605189044095, -3.137176445238524 ], [ -59.948604287009644, -3.137152734324485 ], [ -59.948603352580996, -3.13712902364426 ], [ -59.948604742314316, -3.137102363180772 ], [ -59.948606093219041, -3.137075702997655 ], [ -59.948606571561996, -3.137051001961127 ], [ -59.948607018373416, -3.137026301152274 ], [ -59.948605014651207, -3.137003809681357 ], [ -59.948602986131007, -3.136981318389394 ], [ -59.948602332169479, -3.136955700195597 ], [ -59.948601647896574, -3.13693008222061 ], [ -59.948599848539565, -3.136906819501418 ], [ -59.948598025705472, -3.136883556951671 ], [ -59.948599024782304, -3.136857052861646 ], [ -59.948599995459269, -3.13683054897671 ], [ -59.948600321519102, -3.136807369641485 ], [ -59.948600627396267, -3.136784190452004 ], [ -59.948599673971358, -3.136761615624365 ], [ -59.948598702739488, -3.136739040925233 ], [ -59.948597648968075, -3.136713454032888 ], [ -59.948596574150109, -3.136687867292421 ], [ -59.948597836015971, -3.136663103768288 ], [ -59.948599079982074, -3.136638340373454 ], [ -59.948598721573781, -3.136613201654944 ], [ -59.9485983465296, -3.136588063056527 ], [ -59.948597010699345, -3.13656400827435 ], [ -59.948595661279192, -3.136539953590181 ], [ -59.948595680638959, -3.136516294859491 ], [ -59.948595688411267, -3.136492636212462 ], [ -59.948595600471421, -3.136467601735844 ], [ -59.948595501325151, -3.136442567340153 ], [ -59.948594192133747, -3.136418887780198 ], [ -59.948592874493208, -3.13639520828117 ], [ -59.948592691860348, -3.136370684512817 ], [ -59.948592501851969, -3.13634616079767 ], [ -59.948592152019984, -3.136322908562082 ], [ -59.948591797054128, -3.136299656363566 ], [ -59.948590661518708, -3.136274830362234 ], [ -59.948589521847133, -3.136250004390699 ], [ -59.948588091987837, -3.136228221718697 ], [ -59.948586660226731, -3.136206439060365 ], [ -59.94858790438203, -3.136178152849558 ], [ -59.948589147655426, -3.136149866645204 ], [ -59.948589777383496, -3.136117098837524 ], [ -59.948588619218441, -3.136085227371658 ], [ -59.94858746540536, -3.136053355874282 ], [ -59.948586686529524, -3.136029759736557 ], [ -59.948585911830016, -3.136006163568669 ], [ -59.948585014944292, -3.135981066624121 ], [ -59.948584124561947, -3.135955969632595 ], [ -59.948583792764154, -3.135931331274204 ], [ -59.948583468982498, -3.135906692857913 ], [ -59.94858264858874, -3.135882596466913 ], [ -59.948581837505564, -3.135858500008637 ], [ -59.948582596935118, -3.135834278550736 ], [ -59.948583367405256, -3.135810057013172 ], [ -59.948582506162204, -3.135785460364036 ], [ -59.948581658027855, -3.135760863620253 ], [ -59.948581479777992, -3.135738226364791 ], [ -59.948581314030243, -3.135715589019058 ], [ -59.948581504868805, -3.135690909000118 ], [ -59.948581712234294, -3.135666228861853 ], [ -59.948582039798652, -3.135643299790927 ], [ -59.948582383076833, -3.135620370606588 ], [ -59.948583040045605, -3.135594898505786 ], [ -59.948583718222828, -3.135569426251907 ], [ -59.948583945871739, -3.135545246519942 ], [ -59.948584194317981, -3.135521066637829 ], [ -59.948583854860665, -3.135496428334241 ], [ -59.948583538722012, -3.135471789862302 ], [ -59.948584331024001, -3.135448068719435 ], [ -59.94858514650219, -3.135424347409293 ], [ -59.948585332195449, -3.135399667427105 ], [ -59.94858554469387, -3.135374987251452 ], [ -59.948585689972248, -3.135349807008033 ], [ -59.948585864985958, -3.135324626549977 ], [ -59.948586411233308, -3.135301176403346 ], [ -59.948586984812771, -3.135277726059456 ], [ -59.948587411533431, -3.135252775116921 ], [ -59.948587870944912, -3.135227823938418 ], [ -59.94858914648885, -3.135203560866285 ], [ -59.948590454607348, -3.135179297559072 ], [ -59.948590109131203, -3.135154659298498 ], [ -59.948589798997631, -3.135130020782822 ], [ -59.948590546033792, -3.135105799413294 ], [ -59.948591328864786, -3.13508157778543 ], [ -59.948591916018003, -3.135055355358405 ], [ -59.948592547138965, -3.135029132614067 ], [ -59.948592358010352, -3.135006495436253 ], [ -59.948592203114067, -3.134983858011324 ], [ -59.94859388183508, -3.134958052482047 ], [ -59.948595606861581, -3.134932246618607 ], [ -59.948595903337214, -3.1349090674947 ], [ -59.948596238725038, -3.134885888089917 ], [ -59.948595888081705, -3.134861249866261 ], [ -59.948595583103405, -3.134836611312996 ] ] } },
{ "type": "Feature", "properties": { "id_linha": 5, "comprimento_m": 302.557, "classificacao": "reta", "n_pontos": 57, "desvio_relativo": 0.00528 }, "geometry": { "type": "LineString", "coordinates": [ [ -59.948655819682834, -3.137537370361658 ], [ -59.948656325194044, -3.137512919405645 ], [ -59.948656783798178, -3.137488468788348 ], [ -59.948657326501831, -3.137464518116631 ], [ -59.948657825807814, -3.137440567758287 ], [ -59.948657821710597, -3.137416408644714 ], [ -59.948657775069634, -3.137392249838314 ], [ -59.948659255830641, -3.137366714961519 ], [ -59.948660690980169, -3.137341180414117 ], [ -59.948660043875094, -3.13731556217089 ], [ -59.948659352751108, -3.137289944245462 ], [ -59.948661492114617, -3.137266118661828 ], [ -59.948663595091354, -3.137242293340972 ], [ -59.948664631992976, -3.137217925799384 ], [ -59.948665632464241, -3.137193558520874 ], [ -59.948667741552669, -3.137169357740905 ], [ -59.948669816376345, -3.137145157208378 ], [ -59.948670257690708, -3.13711995588593 ], [ -59.948670663628327, -3.137094754818867 ], [ -59.948668962750773, -3.137072742770935 ], [ -59.948667236174465, -3.137050730908466 ], [ -59.948667900904624, -3.137025008476526 ], [ -59.948668532424193, -3.136999286284348 ], [ -59.948668219006237, -3.13697464779397 ], [ -59.948667876872683, -3.136950009510866 ], [ -59.948668166363163, -3.136926329886476 ], [ -59.948668430908953, -3.136902650442175 ], [ -59.948668000503872, -3.136876511137553 ], [ -59.948667541663404, -3.136850372038206 ], [ -59.948666852685584, -3.136827776357701 ], [ -59.948666143898109, -3.136805180820195 ], [ -59.94866522312072, -3.136779583495705 ], [ -59.948664278750357, -3.136753986341525 ], [ -59.948663434084054, -3.136729389573297 ], [ -59.948662569394806, -3.136704792949617 ], [ -59.948662700560909, -3.136679112256352 ], [ -59.948662811834417, -3.136653431706702 ], [ -59.948661515736852, -3.136629877190435 ], [ -59.948660204474344, -3.136606322783578 ], [ -59.948660565716274, -3.136583643746601 ], [ -59.948660914291899, -3.136560964801069 ], [ -59.948660554468852, -3.13653582609236 ], [ -59.948660180827872, -3.136510687483375 ], [ -59.948660424443602, -3.13648650763676 ], [ -59.948660656950686, -3.136462327870356 ], [ -59.948659582467727, -3.136438252257524 ], [ -59.948658498585225, -3.136414176712514 ], [ -59.948658438316272, -3.136389517450368 ], [ -59.948658369910184, -3.136364858246924 ], [ -59.948658611052728, -3.136340678417996 ], [ -59.948658846027364, -3.136316498633621 ], [ -59.948658110272255, -3.136293402737425 ], [ -59.948657370348663, -3.136270306871292 ], [ -59.948655463388242, -3.136245793546164 ], [ -59.948653553389327, -3.136221280242907 ], [ -59.948653226268249, -3.136196641850652 ], [ -59.948652897810433, -3.13617200346805 ], [ -59.948652569821462, -3.136147365082027 ], [ -59.948652242229755, -3.136122726693089 ], [ -59.948653084154273, -3.136099505745239 ], [ -59.948653927925989, -3.136076284784072 ], [ -59.948652661561404, -3.136053230605625 ], [ -59.948651398446593, -3.136030176403624 ], [ -59.948650706839643, -3.136004308203888 ], [ -59.948650021220985, -3.135978439960877 ], [ -59.94864993371273, -3.135953530618464 ], [ -59.948649853581301, -3.135928621222797 ], [ -59.948648955282266, -3.135903524288123 ], [ -59.948648066301573, -3.135878427286142 ], [ -59.948648220842685, -3.135853246976068 ], [ -59.948648386605868, -3.135828066585016 ], [ -59.948647525682773, -3.135803469933322 ], [ -59.948646677220182, -3.135778873191663 ], [ -59.948646381550361, -3.135754735124836 ], [ -59.948646099522904, -3.13573059695947 ], [ -59.948646290630485, -3.135705916938168 ], [ -59.948646497718805, -3.135681236801492 ], [ -59.948646805869494, -3.135658057593874 ], [ -59.948647129605, -3.135634878273729 ], [ -59.948647008447836, -3.135612991434947 ], [ -59.948646902440991, -3.135591104486783 ], [ -59.948647032001254, -3.135565674080262 ], [ -59.948647183784793, -3.135540243513324 ], [ -59.948647371529347, -3.135515563516043 ], [ -59.948647581972757, -3.135490883354914 ], [ -59.948647202529685, -3.135465744786704 ], [ -59.948646848469487, -3.135440606035239 ], [ -59.948648127648546, -3.135416342936638 ], [ -59.948649432133948, -3.135392079655407 ], [ -59.948649050879489, -3.135366941100144 ], [ -59.948648698626592, -3.135341802335526 ], [ -59.948648454873371, -3.135318414722751 ], [ -59.948648237759258, -3.135295026917654 ], [ -59.948649738288047, -3.135270242724209 ], [ -59.948651270414636, -3.135245458302766 ], [ -59.948652183754902, -3.135219965406338 ], [ -59.94865313242974, -3.135194472254915 ], [ -59.948653393366797, -3.135170792834541 ], [ -59.948653686398309, -3.135147113182557 ], [ -59.948654025869835, -3.135124434301065 ], [ -59.94865439616057, -3.135101755197102 ], [ -59.948654864298518, -3.135074031970027 ], [ -59.948655380733094, -3.135046308394371 ], [ -59.948655559751494, -3.135021628459405 ], [ -59.948655778899784, -3.134996948234753 ], [ -59.948656116131083, -3.134974269369204 ], [ -59.948656488656006, -3.134951590248943 ], [ -59.948657152978328, -3.134926368369896 ], [ -59.948657862710753, -3.134901146163148 ], [ -59.948659132682948, -3.134876883130071 ], [ -59.948660446348875, -3.134852619781667 ], [ -59.948659648075839, -3.134829023782519 ], [ -59.948658892723508, -3.13480542747353 ] ] } },
{ "type": "Feature", "properties": { "id_linha": 6, "comprimento_m": 303.367, "classificacao": "reta", "n_pontos": 57, "desvio_relativo": 0.00619 }, "geometry": { "type": "LineString", "coordinates": [ [ -59.948720273326707, -3.137554921366561 ], [ -59.948721099628131, -3.137531199979969 ], [ -59.94872188117791, -3.137507478916509 ], [ -59.948723271724965, -3.13748421612209 ], [ -59.948724620721116, -3.137460953627733 ], [ -59.948725896339553, -3.137436190004277 ], [ -59.948727126571931, -3.137411426708562 ], [ -59.948727760193208, -3.137385203948316 ], [ -59.948728344932753, -3.137358981541019 ], [ -59.948728526707917, -3.137333801035631 ], [ -59.948728665287213, -3.137308620842149 ], [ -59.948729487569999, -3.137284899484166 ], [ -59.948730273126841, -3.137261178391372 ], [ -59.948729437368875, -3.137236581559046 ], [ -59.948728563779937, -3.13721198499983 ], [ -59.948730701864591, -3.137188159424516 ], [ -59.94873280610733, -3.137164334093594 ], [ -59.948733812977153, -3.137139591353415 ], [ -59.948734785044905, -3.137114848864528 ], [ -59.948736246111451, -3.137092586666093 ], [ -59.948737680362534, -3.137070324661328 ], [ -59.948737291578539, -3.13704468560895 ], [ -59.948736869010567, -3.137019046800457 ], [ -59.948735013484686, -3.136995033657284 ], [ -59.948733129958875, -3.136971020716161 ], [ -59.948733342986969, -3.136946340537591 ], [ -59.948733528193557, -3.136921660559863 ], [ -59.948732159537904, -3.136897105461612 ], [ -59.948730765038562, -3.136872550549895 ], [ -59.948732557130789, -3.136847745309673 ], [ -59.948734324656776, -3.13682294024685 ], [ -59.948731977431976, -3.136799469093446 ], [ -59.948729609701324, -3.136775998087947 ], [ -59.948728746159333, -3.136751151179331 ], [ -59.948727861389095, -3.13672630442391 ], [ -59.948728693461639, -3.136702833270929 ], [ -59.948729508152553, -3.136679362243458 ], [ -59.948729034745867, -3.136652722695812 ], [ -59.948728540992235, -3.136626083295009 ], [ -59.948728786568751, -3.136601903433941 ], [ -59.948729017110594, -3.136577723681407 ], [ -59.9487265885993, -3.136553252008931 ], [ -59.948724146355481, -3.136528780435454 ], [ -59.948723785946306, -3.136503641730576 ], [ -59.948723412881407, -3.136478503117048 ], [ -59.948724182867267, -3.136454281582632 ], [ -59.94872494278912, -3.136430060120913 ], [ -59.948724658131418, -3.136405921974838 ], [ -59.948724365105683, -3.136381783889203 ], [ -59.948724002001448, -3.136356645203613 ], [ -59.948723631625931, -3.136331506570522 ], [ -59.948722857251298, -3.136307910400016 ], [ -59.948722078042159, -3.136284314264354 ], [ -59.948721713150753, -3.13625917559155 ], [ -59.948721344559026, -3.13623403694546 ], [ -59.948720080631347, -3.136210982749335 ], [ -59.948718815075701, -3.136187928564877 ], [ -59.948719053221133, -3.136163748756978 ], [ -59.948719291177753, -3.136139568950456 ], [ -59.948718923632363, -3.136114430296687 ], [ -59.948718557689418, -3.136089291631317 ], [ -59.948719360074818, -3.136065570415428 ], [ -59.948720165478385, -3.136041849177769 ], [ -59.948718800952946, -3.136017544325452 ], [ -59.948717441245805, -3.135993239438295 ], [ -59.94871603679421, -3.135968434321311 ], [ -59.948714639114606, -3.135943629155385 ], [ -59.948713858472352, -3.135920033029773 ], [ -59.948713085518932, -3.13589643684863 ], [ -59.94871711937801, -3.135871408363224 ], [ -59.948721163623446, -3.135846379802999 ], [ -59.948717516984907, -3.135822048209095 ], [ -59.948713881903956, -3.135797716531567 ], [ -59.948712005930446, -3.135773703535243 ], [ -59.948710142820786, -3.135749690445962 ], [ -59.94871090040634, -3.135725469000163 ], [ -59.948711672698728, -3.135701247448211 ], [ -59.948711297116546, -3.135676108852004 ], [ -59.948710939194633, -3.135650970128304 ], [ -59.948711128899262, -3.135626290116595 ], [ -59.948711337378484, -3.13560160996935 ], [ -59.948711683633313, -3.135578931038995 ], [ -59.948712047151041, -3.135556251984056 ], [ -59.948712235182271, -3.135531571984298 ], [ -59.94871244533082, -3.135506891824879 ], [ -59.948713765072455, -3.135483128985844 ], [ -59.94871510688747, -3.135459365987505 ], [ -59.948714608361911, -3.135432726619818 ], [ -59.948714139680192, -3.135406087036678 ], [ -59.948713956161498, -3.135383449818126 ], [ -59.948713795653475, -3.1353608124335 ], [ -59.948714665170129, -3.135338091837844 ], [ -59.948715559207727, -3.135315371065182 ], [ -59.9487161061584, -3.135284276923592 ], [ -59.948716702062306, -3.135253182428677 ], [ -59.948717082436019, -3.135231817891388 ], [ -59.948717487307349, -3.135210453177261 ], [ -59.948717923467299, -3.135185786992096 ], [ -59.948718393903981, -3.135161120559522 ], [ -59.94871865430202, -3.135137441142616 ], [ -59.948718947862766, -3.135113761486314 ], [ -59.948719734329657, -3.135090040383997 ], [ -59.948720555610116, -3.135066319030412 ], [ -59.948720761475691, -3.135041974070759 ], [ -59.948721005673669, -3.135017628834454 ], [ -59.94872121073562, -3.134993279477683 ], [ -59.948721455816603, -3.134968929832012 ], [ -59.948721660007998, -3.134944584884341 ], [ -59.948721905876113, -3.134920239635824 ], [ -59.948722669270339, -3.134896268423297 ], [ -59.948723474665755, -3.134872296907632 ], [ -59.948723430886126, -3.134844865539334 ], [ -59.948723444376185, -3.134817433757665 ] ] } },
{ "type": "Feature", "properties": { "id_linha": 7, "comprimento_m": 301.955, "classificacao": "reta", "n_pontos": 57, "desvio_relativo": 0.00454 }, "geometry": { "type": "LineString", "coordinates": [ [ -59.948788696678371, -3.137521319553131 ], [ -59.948790087445914, -3.137498056756504 ], [ -59.948791436213753, -3.137474794263202 ], [ -59.948792147092405, -3.137449572050504 ], [ -59.948792810361816, -3.137424350181605 ], [ -59.948792917276187, -3.137398169110563 ], [ -59.948792974916358, -3.137371988395259 ], [ -59.948793271276578, -3.137348308720925 ], [ -59.948793528953068, -3.13732462932591 ], [ -59.948795290983988, -3.137299323749814 ], [ -59.948797010688416, -3.137274018479408 ], [ -59.948796327993385, -3.1372514227534 ], [ -59.948795612920662, -3.137228827261115 ], [ -59.948795849613219, -3.137204397188006 ], [ -59.948796050105919, -3.13717996737625 ], [ -59.948797871401602, -3.137158935015287 ], [ -59.948799667059831, -3.137137902839504 ], [ -59.948799993529072, -3.137111200686487 ], [ -59.948800280602441, -3.137084498817898 ], [ -59.948800007011648, -3.137060360592223 ], [ -59.948799702933314, -3.137036222586662 ], [ -59.948799917117356, -3.137011542399323 ], [ -59.948800101161652, -3.136986862429615 ], [ -59.948800237732712, -3.136961181696746 ], [ -59.948800343593653, -3.136935501185578 ], [ -59.948800594421513, -3.136911321286473 ], [ -59.948800819714933, -3.136887141571721 ], [ -59.948800542787993, -3.136863003369969 ], [ -59.948800242038352, -3.136838865340157 ], [ -59.948799495119637, -3.13681551924804 ], [ -59.948798727410278, -3.136792173306007 ], [ -59.948797433553914, -3.136768618773253 ], [ -59.948796120036633, -3.136745064382408 ], [ -59.948795217396196, -3.136719717202843 ], [ -59.94879429381691, -3.136694370174357 ], [ -59.948794052232479, -3.136670732270174 ], [ -59.948793794031303, -3.136647094485906 ], [ -59.948793397179536, -3.136621455490976 ], [ -59.94879298265483, -3.136595816623589 ], [ -59.948793305065891, -3.136572637313142 ], [ -59.948793614558106, -3.136549458095967 ], [ -59.948793177160724, -3.136523318840744 ], [ -59.948792725280505, -3.136497179690036 ], [ -59.948792480499364, -3.136473541808686 ], [ -59.9487922254879, -3.1364499040012 ], [ -59.948790360436902, -3.136425890926347 ], [ -59.94878848641266, -3.136401877916188 ], [ -59.948788689388643, -3.136377197809061 ], [ -59.948788884616604, -3.136352517757864 ], [ -59.948788071746115, -3.136328421312108 ], [ -59.948787253127534, -3.136304324907768 ], [ -59.948788020153629, -3.136280103393981 ], [ -59.948788783019232, -3.136255881910265 ], [ -59.948788534326241, -3.136232244056928 ], [ -59.948788283218306, -3.13620860622098 ], [ -59.948786824208462, -3.136183050668506 ], [ -59.948785364237928, -3.136157495122864 ], [ -59.948784587054824, -3.136133898972197 ], [ -59.948783810640165, -3.136110302815945 ], [ -59.948783364536915, -3.136084163623134 ], [ -59.948782921346584, -3.136058024409269 ], [ -59.948783196335512, -3.136034344887669 ], [ -59.948783475332519, -3.136010665337149 ], [ -59.948782676239645, -3.135986819068047 ], [ -59.948781882781219, -3.135962972758286 ], [ -59.948781687995272, -3.13594008534484 ], [ -59.948781499816967, -3.135917197883682 ], [ -59.948780679611033, -3.135893101490502 ], [ -59.948779868313942, -3.135869005032983 ], [ -59.948778929744172, -3.135843407835506 ], [ -59.94877800311631, -3.135817810551814 ], [ -59.948778761864673, -3.135793589097176 ], [ -59.948779532988262, -3.135769367553238 ], [ -59.94877878876936, -3.135746271717147 ], [ -59.948778057275952, -3.135723175789186 ], [ -59.948778110712105, -3.135696744825642 ], [ -59.948778182811274, -3.135670313727373 ], [ -59.948778313865915, -3.135644883309258 ], [ -59.948778464139998, -3.135619452752389 ], [ -59.948778323116812, -3.135597315779842 ], [ -59.948778198010672, -3.135575178692408 ], [ -59.948777977650344, -3.135552041186755 ], [ -59.948777776084064, -3.135528903545445 ], [ -59.948778569328262, -3.135505182394275 ], [ -59.948779383841469, -3.135481461089591 ], [ -59.94877892527267, -3.135455321986056 ], [ -59.948778494523587, -3.135429182681671 ], [ -59.948778271895648, -3.1354060451922 ], [ -59.948778072591686, -3.135382907534351 ], [ -59.948778138918115, -3.135356726753795 ], [ -59.948778237061411, -3.135330545743559 ], [ -59.94877904683851, -3.135307074749218 ], [ -59.948779883759308, -3.135283603558981 ], [ -59.948780494774716, -3.135257631234875 ], [ -59.948781140964641, -3.135231658656917 ], [ -59.948781850108439, -3.135206937006627 ], [ -59.948782592912714, -3.135182215113391 ], [ -59.94878334084774, -3.135157993735871 ], [ -59.948784122756571, -3.135133772113175 ], [ -59.948783329032565, -3.135110176080952 ], [ -59.948782569124461, -3.135086579804575 ], [ -59.948783315432422, -3.135062358438694 ], [ -59.948784098964218, -3.135038136804149 ], [ -59.948784764891279, -3.135012914912614 ], [ -59.948785473005159, -3.134987692716615 ], [ -59.948785243520291, -3.134964555276146 ], [ -59.948785051056433, -3.134941417568458 ], [ -59.948785856871815, -3.134916310333198 ], [ -59.948786708015042, -3.134891202770774 ], [ -59.948787634643004, -3.13486596005313 ], [ -59.948788608944064, -3.134840716991454 ], [ -59.948788245469935, -3.134817589989999 ], [ -59.948787923542177, -3.134794462688683 ] ] } },
{ "type": "Feature", "properties": { "id_linha": 8, "comprimento_m": 301.628, "classificacao": "reta", "n_pontos": 57, "desvio_relativo": 0.00637 }, "geometry": { "type": "LineString", "coordinates": [ [ -59.948843494166105, -3.137516983677243 ], [ -59.948845259770707, -3.137491678075156 ], [ -59.948846975904267, -3.137466372830305 ], [ -59.948848213600336, -3.137441108926536 ], [ -59.948849403841834, -3.137415845365478 ], [ -59.948849624735878, -3.137391165129832 ], [ -59.948849802078911, -3.137366485208636 ], [ -59.948852091854128, -3.137341137934705 ], [ -59.948854337605852, -3.13731579097874 ], [ -59.948855121844161, -3.13729156934152 ], [ -59.948855867532359, -3.137267347982671 ], [ -59.948856085803186, -3.137242667765735 ], [ -59.948856265762522, -3.137217987825409 ], [ -59.948856712714004, -3.137196309274869 ], [ -59.948857131373416, -3.137174630928577 ], [ -59.948859585525149, -3.137148012141602 ], [ -59.94886199904451, -3.137121393648093 ], [ -59.948861596733899, -3.137099027230225 ], [ -59.948861167110529, -3.137076661009554 ], [ -59.948861420335696, -3.137052481092879 ], [ -59.948861643229421, -3.137028301395227 ], [ -59.948861177016759, -3.137001661795293 ], [ -59.948860676063688, -3.136975022446158 ], [ -59.948859835289475, -3.136950425649253 ], [ -59.948858966689052, -3.136925829053212 ], [ -59.948858795631836, -3.1369007621642 ], [ -59.948858597494883, -3.136875695470718 ], [ -59.948858425478143, -3.136850621428104 ], [ -59.948858228193345, -3.136825547567891 ], [ -59.948858055308129, -3.136800480691986 ], [ -59.948857858995346, -3.136775413985187 ], [ -59.948859464614983, -3.136741562250061 ], [ -59.948857296154237, -3.136713546942517 ], [ -59.948855102359623, -3.136685531817788 ], [ -59.948854449575599, -3.136663436427969 ], [ -59.948853782462884, -3.136641341141537 ], [ -59.948853346891106, -3.136615201872875 ], [ -59.948852893180209, -3.13658906273516 ], [ -59.94885306080365, -3.136563882330145 ], [ -59.948853213485563, -3.136538702033011 ], [ -59.948852519898011, -3.13651610638474 ], [ -59.948851815686872, -3.136493510813148 ], [ -59.948850439544977, -3.136468955768259 ], [ -59.948849052501963, -3.136444400801994 ], [ -59.94884933377849, -3.136420721235042 ], [ -59.948849606494591, -3.136397041729891 ], [ -59.948848092864267, -3.136370735742366 ], [ -59.948846570665317, -3.136344429816611 ], [ -59.948846986282526, -3.136322501214858 ], [ -59.948847397296042, -3.13630057264637 ], [ -59.948847481871944, -3.136274391734756 ], [ -59.948847561794857, -3.136248210856749 ], [ -59.948846708259637, -3.136223614151305 ], [ -59.948845852396666, -3.136199017462623 ], [ -59.948847261364953, -3.136176255085031 ], [ -59.948848669763038, -3.136153492711609 ], [ -59.948846760775652, -3.136128979400743 ], [ -59.948844852774066, -3.136104466082679 ], [ -59.948844406559438, -3.136078326890296 ], [ -59.948843963471411, -3.136052187675325 ], [ -59.948843691956249, -3.136028299709758 ], [ -59.948843424706922, -3.136004411713408 ], [ -59.948843289159825, -3.135982274701389 ], [ -59.948843158583095, -3.135960137653486 ], [ -59.94884175859459, -3.135928537152021 ], [ -59.94884123284357, -3.135903745970597 ], [ -59.948840716125964, -3.135878954723936 ], [ -59.948840209325155, -3.135854163405632 ], [ -59.948838939542505, -3.135831109251152 ], [ -59.948837679815149, -3.135808055024001 ], [ -59.948836700850343, -3.135781957564975 ], [ -59.948835736709171, -3.135755859998858 ], [ -59.948835558396304, -3.135733222742445 ], [ -59.94883539267969, -3.135710585395089 ], [ -59.94883562273651, -3.135686405644205 ], [ -59.948835868747047, -3.135662225778143 ], [ -59.948835775558472, -3.135637316475199 ], [ -59.948835701069285, -3.135612407037221 ], [ -59.948837413816136, -3.135590249213147 ], [ -59.948839142679418, -3.135568091272767 ], [ -59.948839029321128, -3.135544630676855 ], [ -59.948838935506444, -3.135521169939815 ], [ -59.948838821398901, -3.135497709349233 ], [ -59.948838728331737, -3.135474248606753 ], [ -59.94883810490343, -3.135449381019125 ], [ -59.948837506854538, -3.135424513248269 ], [ -59.948839134795676, -3.135397957254287 ], [ -59.948840793742797, -3.135371401036525 ], [ -59.948841169522211, -3.135347461037688 ], [ -59.948841572192713, -3.135323520844744 ], [ -59.948841947176255, -3.135299580851578 ], [ -59.948842350640582, -3.135275640652853 ], [ -59.948843027831742, -3.135252180087004 ], [ -59.948843733880189, -3.135228719312878 ], [ -59.948843928855773, -3.135202528130966 ], [ -59.948844161781594, -3.135176336675103 ], [ -59.948844790559939, -3.135150614498559 ], [ -59.94884545792209, -3.135124892043549 ], [ -59.948847357767868, -3.135101837956436 ], [ -59.948849290082201, -3.135078783635051 ], [ -59.948848739033508, -3.135054916630267 ], [ -59.948848224385763, -3.135031049362677 ], [ -59.948846902170281, -3.135007495033077 ], [ -59.948845616951544, -3.134983940436376 ], [ -59.948846808710712, -3.134958676860455 ], [ -59.948848044771779, -3.134933412964797 ], [ -59.94884713355674, -3.134911713797655 ], [ -59.948846256348801, -3.134890014384997 ], [ -59.948847404401235, -3.134865886840426 ], [ -59.948848595988672, -3.13484175898169 ], [ -59.948850299966658, -3.134817964950646 ], [ -59.948852047839651, -3.134794170602824 ] ] } },
{ "type": "Feature", "properties": { "id_linha": 9, "comprimento_m": 302.9, "classificacao": "reta", "n_pontos": 57, "desvio_relativo": 0.00564 }, "geometry": { "type": "LineString", "coordinates": [ [ -59.948919505024428, -3.137505935735611 ], [ -59.948920067053407, -3.137482235198903 ], [ -59.948920585948819, -3.137458534973668 ], [ -59.948921258520691, -3.137432812483556 ], [ -59.94892188218116, -3.137407090346608 ], [ -59.948922629889324, -3.137382368419787 ], [ -59.948923334205396, -3.137357646806287 ], [ -59.94892415729845, -3.13733392544095 ], [ -59.948924942021833, -3.137310204352673 ], [ -59.948926894640401, -3.13728740016368 ], [ -59.948928813224867, -3.137264596220534 ], [ -59.948927824921235, -3.137237998277072 ], [ -59.94892679226173, -3.137211400653831 ], [ -59.948928628633396, -3.137187095645236 ], [ -59.948930429767763, -3.13716279089111 ], [ -59.94893017664409, -3.137138902793521 ], [ -59.948929891032925, -3.137115014930469 ], [ -59.94892971376283, -3.137092127390995 ], [ -59.948929508091183, -3.137069240056594 ], [ -59.948929272590739, -3.137045602108109 ], [ -59.948929008301704, -3.137021964367489 ], [ -59.948928618608178, -3.136996325320524 ], [ -59.948928196920697, -3.136970686504566 ], [ -59.9489289752918, -3.136946464908622 ], [ -59.948929726822534, -3.13692224350648 ], [ -59.948929862166203, -3.136896562781466 ], [ -59.948929969233482, -3.136870882260639 ], [ -59.94892863817126, -3.136846827443287 ], [ -59.948927283947512, -3.13682277279313 ], [ -59.948927044451487, -3.13679913487327 ], [ -59.948926784149272, -3.136775497103578 ], [ -59.948925412946778, -3.136750942023065 ], [ -59.94892402096314, -3.136726387092527 ], [ -59.948925020070391, -3.136701644406072 ], [ -59.948925999854978, -3.136676901859154 ], [ -59.948925095952077, -3.136651554688046 ], [ -59.948924173614579, -3.136626207649984 ], [ -59.948924175067162, -3.136602298770201 ], [ -59.948924161758235, -3.136578389996961 ], [ -59.948922934564465, -3.136552313274171 ], [ -59.948921691770501, -3.136526236663958 ], [ -59.948921672206978, -3.136502077659338 ], [ -59.9489216409618, -3.136477918739034 ], [ -59.948921444319105, -3.136454906200597 ], [ -59.948921238523859, -3.136431893728229 ], [ -59.948920783400368, -3.136407265730689 ], [ -59.948920319467902, -3.13638263779675 ], [ -59.948919272771356, -3.136358937397004 ], [ -59.948918219488448, -3.136335237044777 ], [ -59.948918680516051, -3.136308774722872 ], [ -59.948919135375284, -3.136282312445499 ], [ -59.948917852757781, -3.136259008107328 ], [ -59.948916566919102, -3.136235703792373 ], [ -59.948916201148663, -3.136210565124811 ], [ -59.948915833407064, -3.136185426471458 ], [ -59.948916676324977, -3.136162205514363 ], [ -59.948917519072445, -3.136138984558519 ], [ -59.948915531857665, -3.136113470706479 ], [ -59.948913546277744, -3.136087956842534 ], [ -59.948913265603046, -3.136063943804542 ], [ -59.948912988030912, -3.136039930744111 ], [ -59.948912862752969, -3.136017918795854 ], [ -59.948912741374329, -3.135995906819441 ], [ -59.948913385882321, -3.135970184529942 ], [ -59.948914037541989, -3.135944462188853 ], [ -59.948913725124051, -3.13592007396517 ], [ -59.948913420866226, -3.135895685682554 ], [ -59.948911526964828, -3.135871422538973 ], [ -59.948909642809944, -3.135847159324926 ], [ -59.948908314147282, -3.13582335476594 ], [ -59.948906996443661, -3.135799550127779 ], [ -59.948907228013205, -3.135775370365565 ], [ -59.948907472505077, -3.135751190510083 ], [ -59.948908678465997, -3.13572592683225 ], [ -59.948909900353094, -3.13570066303949 ], [ -59.9489098078609, -3.135675753731075 ], [ -59.948909732666699, -3.1356508442978 ], [ -59.948909698280858, -3.135626685399266 ], [ -59.948909681825654, -3.135602526371241 ], [ -59.94890962693912, -3.135578117344149 ], [ -59.948909592033665, -3.135553708172838 ], [ -59.948906764039727, -3.13552775666883 ], [ -59.948903960636351, -3.135501804987165 ], [ -59.948904608239218, -3.13547960548894 ], [ -59.948905275175235, -3.13545740585119 ], [ -59.948908240684311, -3.135430995757406 ], [ -59.948911235483564, -3.135404585452313 ], [ -59.948910465884445, -3.135381239522145 ], [ -59.948909720793175, -3.135357893415035 ], [ -59.948909964638808, -3.135333963840067 ], [ -59.948910235785625, -3.135310034068056 ], [ -59.948911525690633, -3.135284259758655 ], [ -59.948912849161772, -3.135258485206982 ], [ -59.948913433947858, -3.1352355353325 ], [ -59.948914046842283, -3.135212585255155 ], [ -59.948913490930764, -3.13518695687811 ], [ -59.94891297194512, -3.135161328234522 ], [ -59.948915016792704, -3.135136752497264 ], [ -59.948917097298285, -3.135112176502723 ], [ -59.948917883749743, -3.135088455398908 ], [ -59.948918705019821, -3.135064734043753 ], [ -59.948920057251513, -3.135041471520467 ], [ -59.948921444428201, -3.135018208744966 ], [ -59.948920489691268, -3.134992611662771 ], [ -59.948919579179794, -3.134967014261271 ], [ -59.948919190149006, -3.134941875760163 ], [ -59.948918845618572, -3.134916736937823 ], [ -59.948919245902538, -3.134891535906656 ], [ -59.948919692740546, -3.134866334539477 ], [ -59.948919197963356, -3.134843217957305 ], [ -59.94891874387536, -3.134820101081373 ], [ -59.948918958835364, -3.134795921437739 ], [ -59.948919219895799, -3.134771741461343 ] ] } },
{ "type": "Feature", "properties": { "id_linha": 10, "comprimento_m": 302.643, "classificacao": "reta", "n_pontos": 57, "desvio_relativo": 0.00526 }, "geometry": { "type": "LineString", "coordinates": [ [ -59.948977988620058, -3.137514898720713 ], [ -59.948978268296649, -3.137490968889302 ], [ -59.948978503689681, -3.137467039377597 ], [ -59.948979214437237, -3.137441817164325 ], [ -59.948979877811574, -3.137416595293096 ], [ -59.948980965350785, -3.137392853074496 ], [ -59.948982012521888, -3.137369111147418 ], [ -59.948981686583757, -3.137344222469611 ], [ -59.948981317993031, -3.137319334099753 ], [ -59.948982270435828, -3.137293840921157 ], [ -59.948983180057816, -3.137268348051781 ], [ -59.948984753929906, -3.137244063881465 ], [ -59.948986290660727, -3.13721977997944 ], [ -59.948987722408383, -3.137195381168738 ], [ -59.948989118337281, -3.137170982616714 ], [ -59.948989459294474, -3.137147928309961 ], [ -59.948989769712412, -3.137124874223705 ], [ -59.948990380685629, -3.137100162754967 ], [ -59.948990958265973, -3.137075451527326 ], [ -59.948991173154489, -3.137050771333638 ], [ -59.948991356469968, -3.137026091367944 ], [ -59.948990612521996, -3.137002745253741 ], [ -59.948989841823334, -3.136979399332654 ], [ -59.948989887544606, -3.136955990686185 ], [ -59.94898990786961, -3.136932582223067 ], [ -59.948989439695829, -3.136905942636459 ], [ -59.948988940681112, -3.13687930327252 ], [ -59.94898862516893, -3.136854664795317 ], [ -59.948988285081491, -3.136830026495571 ], [ -59.948986972589182, -3.136806221820425 ], [ -59.948985638735294, -3.136782417299466 ], [ -59.948987175402337, -3.136757757982322 ], [ -59.948988690891355, -3.136733098818125 ], [ -59.948986782382669, -3.136708460365797 ], [ -59.948984854425532, -3.136683822053752 ], [ -59.948984349218364, -3.136660204995458 ], [ -59.948983827717036, -3.136636588054776 ], [ -59.94898352724659, -3.136612199745221 ], [ -59.948983211057843, -3.136587811549129 ], [ -59.948982871078769, -3.136562922971855 ], [ -59.948982516499044, -3.136538034499979 ], [ -59.948982136927327, -3.136512645655588 ], [ -59.94898174404053, -3.136487256907261 ], [ -59.948982289477378, -3.13646355648857 ], [ -59.948982824914928, -3.136439856142083 ], [ -59.948981843024569, -3.136415269834844 ], [ -59.948980852056323, -3.136390683593073 ], [ -59.948979747278351, -3.136366232783059 ], [ -59.948978635222169, -3.136341782025566 ], [ -59.948977983041324, -3.136318050361682 ], [ -59.948977325579449, -3.136294318735913 ], [ -59.948976395109412, -3.136268721479581 ], [ -59.948975460369113, -3.136243124254041 ], [ -59.948975250392884, -3.136219986673082 ], [ -59.948975038441397, -3.136196849106369 ], [ -59.948974594067224, -3.136170709900062 ], [ -59.948974149123579, -3.136144570697862 ], [ -59.94897393761655, -3.136121433127843 ], [ -59.948973727192474, -3.136098295549992 ], [ -59.948973212508449, -3.136074678559613 ], [ -59.948972700464857, -3.136051061550128 ], [ -59.948972687424423, -3.136025391366872 ], [ -59.948972679384802, -3.13599972114751 ], [ -59.948972602051526, -3.135974936867874 ], [ -59.948972531176175, -3.135950152541607 ], [ -59.948971628709977, -3.135926691904597 ], [ -59.94897073357324, -3.13590323121465 ], [ -59.948971230345187, -3.135879030593701 ], [ -59.948971736526815, -3.135854829904811 ], [ -59.948970651841144, -3.135830754363989 ], [ -59.948969578099849, -3.13580667874411 ], [ -59.94896938094724, -3.13578379134661 ], [ -59.948969195106301, -3.135760903867406 ], [ -59.948966898040311, -3.135734910642861 ], [ -59.948964617498241, -3.135708917298922 ], [ -59.948965842332001, -3.135683903760686 ], [ -59.948967084285535, -3.135658890098876 ], [ -59.948967722330927, -3.135633167855116 ], [ -59.948968380430408, -3.135607445466625 ], [ -59.948968502678234, -3.135585287648535 ], [ -59.948968641173515, -3.135563129713168 ], [ -59.948968117827988, -3.135539512784769 ], [ -59.948967614427715, -3.135515895712369 ], [ -59.948968313908431, -3.135491691897026 ], [ -59.948969035945289, -3.135467487918878 ], [ -59.948969758047951, -3.135442456626284 ], [ -59.948970506062061, -3.135417425146659 ], [ -59.948971224394086, -3.135392495209987 ], [ -59.948971970226467, -3.135367565074799 ], [ -59.948972029827388, -3.135344656879286 ], [ -59.948972114112586, -3.135321748505609 ], [ -59.948972173015996, -3.135298840315093 ], [ -59.948972257996971, -3.135275931936341 ], [ -59.948971815189296, -3.135250042994133 ], [ -59.948971407592374, -3.135224153797729 ], [ -59.948971609591425, -3.135199723971392 ], [ -59.948971844672755, -3.135175293906243 ], [ -59.94897311934195, -3.135151030836729 ], [ -59.948974428282007, -3.135126767519868 ], [ -59.9489757021231, -3.135102504456175 ], [ -59.948977011888672, -3.135078241133249 ], [ -59.948977231229648, -3.135054061457954 ], [ -59.948977487911755, -3.135029881513126 ], [ -59.948977179599119, -3.135005743534872 ], [ -59.948976910142463, -3.134981605276147 ], [ -59.948978141695548, -3.134956841964597 ], [ -59.948979415843297, -3.134932078345627 ], [ -59.948979105877491, -3.134907940379207 ], [ -59.948978838070119, -3.134883802108476 ], [ -59.948978527288212, -3.134859664147891 ], [ -59.948978260295213, -3.134835525871245 ], [ -59.948978802575816, -3.134808803211648 ], [ -59.948979400603619, -3.13478208014969 ] ] } },
{ "type": "Feature", "properties": { "id_linha": 11, "comprimento_m": 302.506, "classificacao": "reta", "n_pontos": 58, "desvio_relativo": 0.00528 }, "geometry": { "type": "LineString", "coordinates": [ [ -59.949042880774435, -3.137505737239137 ], [ -59.949044467564534, -3.137480697410054 ], [ -59.949046006259181, -3.137455657928315 ], [ -59.949044948507598, -3.137431582194196 ], [ -59.949043847874769, -3.137407506769674 ], [ -59.9490462526744, -3.137383660321724 ], [ -59.949048617070012, -3.137359814165622 ], [ -59.949049176725296, -3.137336113644879 ], [ -59.949049697971624, -3.13731241340152 ], [ -59.949049878910692, -3.137287232899928 ], [ -59.9490500182796, -3.137262052698493 ], [ -59.949051931555779, -3.137229020366178 ], [ -59.949053777024055, -3.137195988523567 ], [ -59.949055556770539, -3.137162957155589 ], [ -59.94905591675812, -3.137140152987405 ], [ -59.949056247085814, -3.137117349033408 ], [ -59.949057812660648, -3.137089792384446 ], [ -59.949055221471681, -3.137063319674955 ], [ -59.949054875912736, -3.137041703675755 ], [ -59.949054506358529, -3.137020087849837 ], [ -59.949054154977929, -3.136994949078489 ], [ -59.949053772857503, -3.13696981052908 ], [ -59.949054891516447, -3.136946568637423 ], [ -59.949055985436374, -3.136923326924408 ], [ -59.949056120809267, -3.13689764619834 ], [ -59.949056227829509, -3.136871965676984 ], [ -59.94905692760419, -3.136846743541469 ], [ -59.949057601914262, -3.136821521589814 ], [ -59.949053918097547, -3.136797904528447 ], [ -59.949050213477911, -3.136774287617101 ], [ -59.949052472980064, -3.136748690281767 ], [ -59.949054709996858, -3.136723093108841 ], [ -59.949053151578319, -3.13669955942914 ], [ -59.949051575689772, -3.136676025875524 ], [ -59.94905223325658, -3.136650303491585 ], [ -59.949052871868446, -3.136624581244511 ], [ -59.949051048406005, -3.136601068422053 ], [ -59.949049210661194, -3.136577555702599 ], [ -59.949047309083348, -3.136553042338269 ], [ -59.949045393657009, -3.136528529073803 ], [ -59.949044994560843, -3.136502890093538 ], [ -59.949044582240248, -3.136477251208709 ], [ -59.949045468485629, -3.136454530491077 ], [ -59.949046345799658, -3.136431809837974 ], [ -59.949044968589199, -3.136407254800183 ], [ -59.949043582586199, -3.136382699825822 ], [ -59.949044048692294, -3.136357998873428 ], [ -59.949044507651941, -3.136333297972664 ], [ -59.94904343101927, -3.136309222373878 ], [ -59.949042349230901, -3.136285146812262 ], [ -59.949041984374865, -3.136260008137459 ], [ -59.949041615703301, -3.136234869490168 ], [ -59.949041815743712, -3.136210189402288 ], [ -59.949042013866077, -3.136185509328273 ], [ -59.949041276101504, -3.136162413444899 ], [ -59.949040538133971, -3.136139317562988 ], [ -59.949040092623996, -3.136113178364485 ], [ -59.949039648804394, -3.136087039153743 ], [ -59.949039826720167, -3.136062108948968 ], [ -59.949040008012268, -3.136037178719782 ], [ -59.949037706809932, -3.13601445806307 ], [ -59.94903540984452, -3.135991737375653 ], [ -59.949036659360424, -3.135966973935442 ], [ -59.949037915584704, -3.135942210446838 ], [ -59.949037622697567, -3.135918072357914 ], [ -59.949037337841325, -3.135893934211029 ], [ -59.949036068681536, -3.135870880051517 ], [ -59.949034808307232, -3.135847825828549 ], [ -59.949033869351616, -3.135822228632774 ], [ -59.949032943072595, -3.135796631345448 ], [ -59.949032647724302, -3.135772493274171 ], [ -59.949032365324491, -3.135748355109394 ], [ -59.949032596032815, -3.135724175352514 ], [ -59.949032841367178, -3.135699995490034 ], [ -59.949032768522365, -3.135675336315527 ], [ -59.949032712613125, -3.135650677018735 ], [ -59.949033594259355, -3.135624683795403 ], [ -59.949034496695162, -3.135598690422033 ], [ -59.949034599155517, -3.135576282469893 ], [ -59.949034718480583, -3.135553874396016 ], [ -59.949035169919696, -3.135529173548497 ], [ -59.949035643512495, -3.13550447254105 ], [ -59.949034816366144, -3.135480376196524 ], [ -59.949034011961338, -3.135456279687777 ], [ -59.949035370341868, -3.135433017119588 ], [ -59.949036751372731, -3.135409754387949 ], [ -59.949037911494081, -3.135383990486325 ], [ -59.949039101288008, -3.13535822637056 ], [ -59.949038917072265, -3.135335589155249 ], [ -59.949038757219, -3.135312951764074 ], [ -59.949038449940041, -3.135281768149531 ], [ -59.949038571103657, -3.135256087524071 ], [ -59.949038365586262, -3.135233200185971 ], [ -59.949038188081694, -3.135210312645631 ], [ -59.94903800166675, -3.135187675446068 ], [ -59.949037844007542, -3.135165038038881 ], [ -59.949039158169874, -3.135141275236466 ], [ -59.949040505506474, -3.135117512194655 ], [ -59.949041620241758, -3.135091248067294 ], [ -59.949042777508339, -3.135064983633003 ], [ -59.949043076074346, -3.135041804491091 ], [ -59.949043409320005, -3.1350186250989 ], [ -59.949044114703888, -3.134993903473323 ], [ -59.949044861223243, -3.134969181550844 ], [ -59.949044472240026, -3.134944043048696 ], [ -59.949044127644676, -3.134918904226118 ], [ -59.949043936897411, -3.134896267057436 ], [ -59.94904378355951, -3.134873629618695 ], [ -59.949045579908677, -3.134849324893899 ], [ -59.949047420935223, -3.134825019846655 ], [ -59.949047069246461, -3.134800381627995 ], [ -59.949046765249896, -3.134775743065083 ] ] } },
{ "type": "Feature", "properties": { "id_linha": 12, "comprimento_m": 302.736, "classificacao": "reta", "n_pontos": 57, "desvio_relativo": 0.00558 }, "geometry": { "type": "LineString", "coordinates": [ [ -59.949106890040134, -3.13752609179084 ], [ -59.949107876161449, -3.137502735190012 ], [ -59.949108819712599, -3.137479378896612 ], [ -59.949110337984038, -3.137450821483282 ], [ -59.949111795077243, -3.137422264511771 ], [ -59.949112848158691, -3.137401544802005 ], [ -59.949113870258415, -3.137380825315975 ], [ -59.949113411322564, -3.137354185662476 ], [ -59.949112903069683, -3.137327546365026 ], [ -59.949113802047513, -3.137304825556064 ], [ -59.949114666655845, -3.137282104995295 ], [ -59.949114961570956, -3.137258425329052 ], [ -59.949115220647101, -3.137234745921588 ], [ -59.949115984414995, -3.137210274153452 ], [ -59.949116711586569, -3.13718580264956 ], [ -59.949119093607784, -3.137161706088363 ], [ -59.949121441812046, -3.137137609771427 ], [ -59.949120661333744, -3.137113763367629 ], [ -59.949119849254409, -3.137089917191933 ], [ -59.949120006960584, -3.137064486580858 ], [ -59.949120130594487, -3.13703905621575 ], [ -59.949121475441601, -3.137015293193911 ], [ -59.949122792168176, -3.136991530375137 ], [ -59.949121463142724, -3.136967475542669 ], [ -59.949120106860143, -3.136943420906947 ], [ -59.949120731177402, -3.136917198209945 ], [ -59.949121325143103, -3.136890975732092 ], [ -59.949121575233789, -3.136866795836035 ], [ -59.949121801219924, -3.136842616114026 ], [ -59.949121523558077, -3.13681847791575 ], [ -59.949121223498935, -3.136794339879136 ], [ -59.949118310372619, -3.136770410145998 ], [ -59.94911537679797, -3.136746480560344 ], [ -59.949115868622634, -3.136722029698645 ], [ -59.94911634081847, -3.136697578978695 ], [ -59.949116266282793, -3.136672669540598 ], [ -59.949116173143189, -3.136647760236793 ], [ -59.949115326638321, -3.136623163479852 ], [ -59.949114463722275, -3.13659856684138 ], [ -59.9491131280964, -3.136574512056271 ], [ -59.949111778403072, -3.136550457372651 ], [ -59.949113153954436, -3.136527194681397 ], [ -59.949114517853808, -3.136503932074318 ], [ -59.94911265372459, -3.136479918992337 ], [ -59.949110778736824, -3.136455905988692 ], [ -59.949109704170368, -3.136431830374895 ], [ -59.94910862031098, -3.136407754828134 ], [ -59.949108521161577, -3.136382595290948 ], [ -59.949108413676093, -3.136357435813935 ], [ -59.949107786696452, -3.136332317975121 ], [ -59.949107153244917, -3.136307200182979 ], [ -59.949108183789598, -3.13628295782023 ], [ -59.949109209991441, -3.136258715488854 ], [ -59.949108961360942, -3.136235077633346 ], [ -59.949108710148799, -3.136211439796427 ], [ -59.94910725121369, -3.136185884242476 ], [ -59.949105791122911, -3.136160328696787 ], [ -59.949106067792584, -3.136136649161004 ], [ -59.949106345070831, -3.136112969620824 ], [ -59.94910576217724, -3.136091874830731 ], [ -59.949105180922082, -3.136070780028781 ], [ -59.94910441204599, -3.136043911278839 ], [ -59.94910364783594, -3.136017042495165 ], [ -59.949103014624754, -3.135991924701012 ], [ -59.949102387392855, -3.135966806863646 ], [ -59.949104261121207, -3.135943252410781 ], [ -59.949106141662455, -3.135919697908795 ], [ -59.949104794634238, -3.135895643205475 ], [ -59.949103456323058, -3.13587158843914 ], [ -59.949102391512234, -3.135847763030848 ], [ -59.949101336828306, -3.135823937549419 ], [ -59.949100271232325, -3.135800112146776 ], [ -59.949099217332297, -3.135776286659634 ], [ -59.949099896896776, -3.135751064668128 ], [ -59.949100591362495, -3.13572584256905 ], [ -59.949101427103017, -3.135702621661674 ], [ -59.949102276985037, -3.135679400652235 ], [ -59.94910184203178, -3.135653511653085 ], [ -59.949101426577769, -3.135627622513127 ], [ -59.949101187382986, -3.135604234865287 ], [ -59.949100965662353, -3.13558084709129 ], [ -59.949100706042557, -3.135557209314387 ], [ -59.949100465795915, -3.135533571397602 ], [ -59.949101180309789, -3.135508849706333 ], [ -59.949101917713982, -3.13548412784988 ], [ -59.949100602807796, -3.135460573467225 ], [ -59.949099310260358, -3.13543701892311 ], [ -59.949100549917702, -3.135412255552586 ], [ -59.949101815965939, -3.135387491991589 ], [ -59.949101026357667, -3.135363895928608 ], [ -59.949100262300867, -3.135340299681146 ], [ -59.949101271810349, -3.135314884533792 ], [ -59.949102312764929, -3.135289469159495 ], [ -59.949103321478979, -3.135264050008603 ], [ -59.949104363549871, -3.135238630616974 ], [ -59.949105371155476, -3.135213215483186 ], [ -59.949106414008618, -3.13518780009501 ], [ -59.949106714491762, -3.135164620938989 ], [ -59.949107045817016, -3.13514144156038 ], [ -59.949107753381426, -3.135116719918687 ], [ -59.949108497716999, -3.135091998011583 ], [ -59.949108110989549, -3.135066859492967 ], [ -59.949107764134347, -3.135041720686494 ], [ -59.949109036531446, -3.135017457631843 ], [ -59.949110347719447, -3.134993194297252 ], [ -59.949109670968667, -3.134971099077879 ], [ -59.949109027737435, -3.134949003616539 ], [ -59.949109005632351, -3.134921822365635 ], [ -59.949109036342598, -3.134894640733473 ], [ -59.949109759470645, -3.134870169255521 ], [ -59.949110527181169, -3.134845697455778 ], [ -59.949110582850771, -3.134819516749145 ], [ -59.949110691580053, -3.134793335659461 ] ] } },
{ "type": "Feature", "properties": { "id_linha": 13, "comprimento_m": 302.631, "classificacao": "reta", "n_pontos": 57, "desvio_relativo": 0.00585 }, "geometry": { "type": "LineString", "coordinates": [ [ -59.949170694047474, -3.137518274773408 ], [ -59.949172628302541, -3.137491697624043 ], [ -59.949174507894931, -3.13746512086946 ], [ -59.949174183693941, -3.13744023217817 ], [ -59.949173813343251, -3.137415343820083 ], [ -59.949176142108769, -3.137390496813696 ], [ -59.949178426726299, -3.137365650126147 ], [ -59.949179326277552, -3.137342929312549 ], [ -59.949180190305867, -3.137320208755466 ], [ -59.949180860241306, -3.137294486282065 ], [ -59.94918148649537, -3.13726876412409 ], [ -59.949182758724575, -3.137244000520431 ], [ -59.949183992275479, -3.137219237196096 ], [ -59.949184813123729, -3.137195515844621 ], [ -59.949185600052168, -3.13717179473811 ], [ -59.949186420126352, -3.137148073392145 ], [ -59.949187207826633, -3.137124352279998 ], [ -59.949186858365984, -3.137099213494173 ], [ -59.949186474311169, -3.137074074958099 ], [ -59.949187254455801, -3.137049853347364 ], [ -59.949188004183171, -3.137025631956295 ], [ -59.949186637373408, -3.137001076843506 ], [ -59.949185240969314, -3.136976521944354 ], [ -59.949184361856801, -3.136951424869969 ], [ -59.949183453652232, -3.136926328005577 ], [ -59.949184269720796, -3.136902606688237 ], [ -59.949185061416507, -3.136878885546891 ], [ -59.949185799778931, -3.136854163684634 ], [ -59.94918651338201, -3.136829442001182 ], [ -59.94918546435612, -3.136805616479487 ], [ -59.949184393907373, -3.13678179111242 ], [ -59.949183247770435, -3.136756714909511 ], [ -59.949182079685698, -3.136731638865013 ], [ -59.949181780866816, -3.13670725054257 ], [ -59.949181463003384, -3.136682862357614 ], [ -59.94918012879689, -3.136658807562105 ], [ -59.949178777677801, -3.136634752888653 ], [ -59.949178457869792, -3.136610114441166 ], [ -59.949178122043108, -3.136585476109325 ], [ -59.949178366956055, -3.136561296249911 ], [ -59.94917859810004, -3.136537116489931 ], [ -59.949178276572468, -3.136512478054739 ], [ -59.949177942461688, -3.136487839710379 ], [ -59.949177209383642, -3.136464743792931 ], [ -59.949176466722186, -3.136441647944605 ], [ -59.949176631654993, -3.136416467556616 ], [ -59.949176786976572, -3.136391287237981 ], [ -59.949177555504143, -3.136367065710271 ], [ -59.949178316820372, -3.136342844234674 ], [ -59.949176039630792, -3.136320373681217 ], [ -59.949173757591559, -3.136297903162634 ], [ -59.949174407911649, -3.136272180829462 ], [ -59.949175053735999, -3.13624645852879 ], [ -59.949174200189155, -3.136221861822041 ], [ -59.949173344293087, -3.136197265132235 ], [ -59.949172528827638, -3.136173168703464 ], [ -59.94917171274728, -3.136149072279099 ], [ -59.94917134540453, -3.136123933621373 ], [ -59.949170979196481, -3.136098794955425 ], [ -59.949170279104997, -3.136076199352404 ], [ -59.949169581343689, -3.136053603732547 ], [ -59.949167348613258, -3.136028360872922 ], [ -59.949165120563023, -3.136003117979375 ], [ -59.949163043225596, -3.135979876209598 ], [ -59.9491609713765, -3.135956634400107 ], [ -59.949163274043443, -3.135931787579689 ], [ -59.949165584684387, -3.135906940701798 ], [ -59.94916585723599, -3.135883261195023 ], [ -59.949166138614494, -3.135859581624523 ], [ -59.949167464154336, -3.135835818739866 ], [ -59.949168800128483, -3.135812055779921 ], [ -59.949167412078793, -3.135787500819539 ], [ -59.949166036878502, -3.135762945766341 ], [ -59.949165701715444, -3.135738307428796 ], [ -59.949165381212488, -3.135713668985411 ], [ -59.949163503856127, -3.135689655998341 ], [ -59.949161642066301, -3.135665642898788 ], [ -59.949163412659694, -3.135640837807043 ], [ -59.949165201566451, -3.135616032583163 ], [ -59.949164942520369, -3.135592394801813 ], [ -59.949164701692943, -3.135568756888932 ], [ -59.949165086830853, -3.135546578227702 ], [ -59.949165489306715, -3.135524399441334 ], [ -59.949166203661946, -3.135499677750708 ], [ -59.949166941215573, -3.135474955892609 ], [ -59.949167654694577, -3.135450234208212 ], [ -59.949168393122058, -3.135425512343713 ], [ -59.949168697312828, -3.135402333160857 ], [ -59.949169024931827, -3.135379153808852 ], [ -59.949169170323778, -3.135353973560631 ], [ -59.949169345143254, -3.135328793099972 ], [ -59.949170095593836, -3.135304571701348 ], [ -59.949170874942133, -3.135280350094155 ], [ -59.949168970538018, -3.135256087025562 ], [ -59.949167096833364, -3.135231823735271 ], [ -59.949167602021468, -3.135207873327669 ], [ -59.949168138682445, -3.135183922692889 ], [ -59.94917162552165, -3.13515747094305 ], [ -59.949175152728102, -3.135131018901931 ], [ -59.949173871804781, -3.135107964826365 ], [ -59.949172623153366, -3.135084910517768 ], [ -59.949172842618331, -3.13506073084026 ], [ -59.949173099150663, -3.135036550895186 ], [ -59.949173317795548, -3.135012371223505 ], [ -59.949173575145984, -3.134988191272432 ], [ -59.949174727163793, -3.134962427427324 ], [ -59.949175925021855, -3.134936663251393 ], [ -59.949174561486998, -3.134912608666203 ], [ -59.949173239642349, -3.13488855377996 ], [ -59.949175483302696, -3.134863206830498 ], [ -59.949177774992897, -3.134837859534433 ], [ -59.949178173840444, -3.134812658511591 ], [ -59.949178622075635, -3.134787457132268 ] ] } },
{ "type": "Feature", "properties": { "id_linha": 14, "comprimento_m": 302.475, "classificacao": "reta", "n_pontos": 57, "desvio_relativo": 0.00516 }, "geometry": { "type": "LineString", "coordinates": [ [ -59.949248537687936, -3.13751714881891 ], [ -59.949250944305497, -3.13749330235554 ], [ -59.949253306862467, -3.137469456210431 ], [ -59.949253490702638, -3.137444275686661 ], [ -59.949253627148742, -3.137419095505117 ], [ -59.949254451261943, -3.137395374129766 ], [ -59.949255234924934, -3.137371653046525 ], [ -59.949255455062357, -3.137346972813526 ], [ -59.949255633105089, -3.13732229288444 ], [ -59.949254798450809, -3.137297696042018 ], [ -59.949253923688687, -3.137273099489146 ], [ -59.949255761135632, -3.137248794469321 ], [ -59.949257561154603, -3.137224489719814 ], [ -59.949257778692136, -3.137199809505337 ], [ -59.949257959328435, -3.137175129557328 ], [ -59.949258458593697, -3.137150678641418 ], [ -59.949258923347813, -3.137126227974695 ], [ -59.949260025309748, -3.137102735925552 ], [ -59.94926109695831, -3.137079244095327 ], [ -59.949261877195092, -3.137055022483323 ], [ -59.949262626820634, -3.137030801092398 ], [ -59.94926216068945, -3.137004161489573 ], [ -59.949261659595912, -3.136977522139183 ], [ -59.949260934102092, -3.136954426167113 ], [ -59.949260183861888, -3.136931330373652 ], [ -59.949260357805798, -3.136906149920626 ], [ -59.949260504124986, -3.136880969667056 ], [ -59.949259738655783, -3.136857373430549 ], [ -59.949258950489458, -3.13683377735785 ], [ -59.949256809174578, -3.136809534944509 ], [ -59.949254645515268, -3.13678529269243 ], [ -59.949255966946566, -3.136761279561528 ], [ -59.949257268110721, -3.136737266577014 ], [ -59.949256101890427, -3.136711940242319 ], [ -59.949254914928069, -3.136686614057301 ], [ -59.949254692546852, -3.13666322628841 ], [ -59.949254454031383, -3.136639838636006 ], [ -59.949253607395534, -3.136615241879438 ], [ -59.949252744591341, -3.136590645239557 ], [ -59.949251292853788, -3.136565089633547 ], [ -59.949249825557452, -3.13653953413979 ], [ -59.949250596611343, -3.136515312593448 ], [ -59.949251355398019, -3.136491091135694 ], [ -59.94925054488774, -3.136466994671121 ], [ -59.94924972385185, -3.136442898282506 ], [ -59.949249439440159, -3.1364187601318 ], [ -59.949249146098929, -3.13639462204552 ], [ -59.949248256354608, -3.136369525047041 ], [ -59.949247358752331, -3.136344428105245 ], [ -59.94924555022493, -3.136321165450979 ], [ -59.949243736461106, -3.136297902834437 ], [ -59.949245460027605, -3.136272347252937 ], [ -59.949247179133444, -3.136246791703749 ], [ -59.949245349616767, -3.136223278924452 ], [ -59.949243517890146, -3.136199766161039 ], [ -59.949244166332015, -3.136174043840705 ], [ -59.949244814020325, -3.136148321525844 ], [ -59.949243958754593, -3.136123724831145 ], [ -59.949243104564445, -3.136099128128623 ], [ -59.949243829110436, -3.136074406364583 ], [ -59.949244556487947, -3.13604968458009 ], [ -59.949244304475847, -3.136026046748015 ], [ -59.949244056619968, -3.136002408885903 ], [ -59.949242915806771, -3.135977582920104 ], [ -59.949241781312992, -3.135952756908642 ], [ -59.949241205614946, -3.135928389527886 ], [ -59.949240637696754, -3.13590402209096 ], [ -59.949240305022748, -3.135879383735191 ], [ -59.949239982025958, -3.13585474530954 ], [ -59.949240214550116, -3.135830565538267 ], [ -59.949240458045324, -3.135806385687784 ], [ -59.94923955754885, -3.13578128876636 ], [ -59.949238670679065, -3.135756191746538 ], [ -59.949237556306045, -3.135735138680631 ], [ -59.94923645271124, -3.135714085536869 ], [ -59.949236116691822, -3.135689447205086 ], [ -59.949235797033815, -3.135664808755153 ], [ -59.949236152105122, -3.135638857219658 ], [ -59.949236527295326, -3.135612905538906 ], [ -59.949237711030364, -3.135587391741687 ], [ -59.94923891614183, -3.135561877790201 ], [ -59.949239709948394, -3.135538156631282 ], [ -59.949240523840764, -3.135514435327388 ], [ -59.949241112552194, -3.135491485422467 ], [ -59.949241721490367, -3.135468535371561 ], [ -59.949241420607429, -3.135444397338734 ], [ -59.949241143702231, -3.1354202591328 ], [ -59.949241270096522, -3.135394828744807 ], [ -59.949241424955744, -3.135369398151327 ], [ -59.949240068692355, -3.135345343513812 ], [ -59.949238739580984, -3.135321288680235 ], [ -59.949239753332513, -3.135297046436142 ], [ -59.949240796266011, -3.135272803981406 ], [ -59.949243287714232, -3.135248822291467 ], [ -59.949245809298844, -3.135224840384066 ], [ -59.949245250780365, -3.135200848293228 ], [ -59.949244724080394, -3.135176855972669 ], [ -59.949245623489865, -3.13515287430227 ], [ -59.949246556260206, -3.135128892391081 ], [ -59.949245847194724, -3.135103024313461 ], [ -59.949245178915199, -3.135077155941401 ], [ -59.949246978760904, -3.135052851189495 ], [ -59.949248816274398, -3.135028546165741 ], [ -59.949248547708947, -3.135004908452049 ], [ -59.949248316368418, -3.134981270469597 ], [ -59.949249021102553, -3.134956548846957 ], [ -59.949249768242254, -3.134931826918208 ], [ -59.949248931458712, -3.134907730641791 ], [ -59.949248136642879, -3.134883634062409 ], [ -59.9492484445285, -3.134858943720791 ], [ -59.949248798169954, -3.134834253048871 ], [ -59.949249580103782, -3.13481053197456 ], [ -59.949250405836601, -3.134786810584127 ] ] } },
{ "type": "Feature", "properties": { "id_linha": 15, "comprimento_m": 302.162, "classificacao": "reta", "n_pontos": 57, "desvio_relativo": 0.00496 }, "geometry": { "type": "LineString", "coordinates": [ [ -59.949315673509517, -3.13748062866238 ], [ -59.949317063664878, -3.13745736586511 ], [ -59.949318412976275, -3.137434103362825 ], [ -59.949320101032988, -3.13740779720945 ], [ -59.949321738848319, -3.137381491418912 ], [ -59.949322562351469, -3.137357770047379 ], [ -59.949323346613994, -3.13733404895921 ], [ -59.949324016824711, -3.137308326482643 ], [ -59.949324642783942, -3.137282604325614 ], [ -59.949324861352217, -3.137257924103339 ], [ -59.949325040951045, -3.137233244162418 ], [ -59.949325449845126, -3.137211065330561 ], [ -59.949325828608359, -3.137188886716307 ], [ -59.949326007293159, -3.137163706228937 ], [ -59.949326148872991, -3.137138526009454 ], [ -59.949326479767876, -3.137115346634775 ], [ -59.949326780729542, -3.137092167476258 ], [ -59.949328423670636, -3.137065361094991 ], [ -59.949330028684194, -3.137038554987658 ], [ -59.949328777197096, -3.137015500700657 ], [ -59.949327499146996, -3.136992446605404 ], [ -59.949327635860371, -3.136966765867876 ], [ -59.949327741504696, -3.136941085354646 ], [ -59.949327657765778, -3.136919448519894 ], [ -59.949327553253056, -3.136897811835102 ], [ -59.94932809986831, -3.136870588591427 ], [ -59.949328615706811, -3.136843365569992 ], [ -59.949327399723941, -3.13682081157946 ], [ -59.949326164062555, -3.136798257730956 ], [ -59.949327164469892, -3.136773515031621 ], [ -59.949328142903276, -3.136748772490991 ], [ -59.94932658491139, -3.136725238807644 ], [ -59.94932500856109, -3.136701705256807 ], [ -59.949323558933521, -3.136676149635457 ], [ -59.949322089520635, -3.136650594156885 ], [ -59.949322901097112, -3.136626872870464 ], [ -59.949323697255146, -3.136603151695414 ], [ -59.94932123056622, -3.136578179745545 ], [ -59.94931874852012, -3.136553207906435 ], [ -59.949319969348707, -3.136527944118569 ], [ -59.949321176349429, -3.136502680430568 ], [ -59.949319877857391, -3.136479125929613 ], [ -59.949318568898349, -3.13645557150418 ], [ -59.949319466333442, -3.136429578165482 ], [ -59.949320352977352, -3.13640358490475 ], [ -59.949319823851027, -3.136379717740786 ], [ -59.949319287265716, -3.136355850630675 ], [ -59.949319040220715, -3.136332212762643 ], [ -59.949318787399207, -3.136308574936321 ], [ -59.949317934951296, -3.136283978221127 ], [ -59.949317077938836, -3.136259381538864 ], [ -59.949316673727829, -3.136233742593677 ], [ -59.949316266473083, -3.136208103670447 ], [ -59.949316222076547, -3.136183694565856 ], [ -59.949316176650022, -3.136159285468681 ], [ -59.949315643485512, -3.136135418333657 ], [ -59.949315110930279, -3.136111551194232 ], [ -59.949314235519843, -3.13608670436817 ], [ -59.949313362513969, -3.136061857524728 ], [ -59.949313618074029, -3.136037927863317 ], [ -59.94931387748143, -3.136013998174179 ], [ -59.949312624696127, -3.135989432765001 ], [ -59.949311377666426, -3.135964867314189 ], [ -59.949310294850328, -3.135940791758794 ], [ -59.94930921919758, -3.135916716151646 ], [ -59.949308911576729, -3.135894089298377 ], [ -59.949308611666389, -3.135871462389482 ], [ -59.949308609345444, -3.135844280995594 ], [ -59.949308620282039, -3.135817099505991 ], [ -59.949308403704791, -3.135793961970443 ], [ -59.949308198296421, -3.135770824354197 ], [ -59.949307824027301, -3.135745685745273 ], [ -59.949307464712099, -3.135720547028378 ], [ -59.949306904657128, -3.135696429810621 ], [ -59.949306360028295, -3.135672312481462 ], [ -59.949306267050034, -3.135647403174092 ], [ -59.949306192286329, -3.13562249373524 ], [ -59.949306967414614, -3.135598522434214 ], [ -59.949307761029452, -3.135574550999779 ], [ -59.949308706447731, -3.135551069550175 ], [ -59.949309671117703, -3.135527587961634 ], [ -59.9493095226576, -3.135503689632518 ], [ -59.949309395720391, -3.135479791148058 ], [ -59.949310109293634, -3.135455069461802 ], [ -59.949310847607791, -3.135430347596987 ], [ -59.949312469023781, -3.13540706418308 ], [ -59.949314113878778, -3.135383780600027 ], [ -59.949312981768365, -3.135359204847052 ], [ -59.949311877490999, -3.135334628893081 ], [ -59.949312364623786, -3.135310428338418 ], [ -59.949312880375565, -3.135286227577191 ], [ -59.949313297392862, -3.13526115156099 ], [ -59.949313746933733, -3.135236075310031 ], [ -59.949314090776106, -3.135211760123492 ], [ -59.949314466891238, -3.135187444704015 ], [ -59.949314816895885, -3.135164890880289 ], [ -59.949315196047664, -3.135142336846162 ], [ -59.949315443856136, -3.135113498432224 ], [ -59.949315741799587, -3.135084659656377 ], [ -59.949315224847581, -3.135064565494393 ], [ -59.949314733394104, -3.135044471148301 ], [ -59.949314425346721, -3.135020333166314 ], [ -59.949314155580403, -3.134996194908009 ], [ -59.949315307761857, -3.134970431060386 ], [ -59.949316505436897, -3.134944666884427 ], [ -59.949317289175987, -3.134920945796697 ], [ -59.94931811309943, -3.134897224418928 ], [ -59.949317762698279, -3.134872586189585 ], [ -59.949317457380005, -3.134847947634774 ], [ -59.949319293190953, -3.134824143175043 ], [ -59.949321172618205, -3.134800338400519 ], [ -59.949321143814288, -3.13477642973455 ], [ -59.949321160639435, -3.134752520739245 ] ] } },
{ "type": "Feature", "properties": { "id_linha": 16, "comprimento_m": 301.86, "classificacao": "reta", "n_pontos": 56, "desvio_relativo": 0.00563 }, "geometry": { "type": "LineString", "coordinates": [ [ -59.949378585451285, -3.137498804908851 ], [ -59.949379899801436, -3.1374745415525 ], [ -59.949381169114019, -3.137450278521403 ], [ -59.94938135260962, -3.137425097999208 ], [ -59.949381489381814, -3.137399917814415 ], [ -59.949382370382345, -3.137376946856678 ], [ -59.949383213988341, -3.137353976168998 ], [ -59.949385484520228, -3.13732837875097 ], [ -59.949387710492154, -3.13730278165479 ], [ -59.949386875503031, -3.137278184814223 ], [ -59.949386001057029, -3.137253588258503 ], [ -59.949387349430538, -3.137229825208967 ], [ -59.949388662606083, -3.137206062413668 ], [ -59.949387957657308, -3.137181455162162 ], [ -59.949387216616692, -3.137156848171224 ], [ -59.949389957365824, -3.137133981455123 ], [ -59.949392668450564, -3.13711111495332 ], [ -59.949392234881103, -3.137086611936693 ], [ -59.949391768830303, -3.13706210915459 ], [ -59.949391504478712, -3.137038095997176 ], [ -59.949391210556215, -3.137014083053289 ], [ -59.949392722564276, -3.136989048495686 ], [ -59.949394204244882, -3.136964014157128 ], [ -59.94939364597824, -3.136939646650856 ], [ -59.949393060644553, -3.13691527933996 ], [ -59.949393105366802, -3.13689187069813 ], [ -59.949393126636437, -3.136868462225672 ], [ -59.949393260982518, -3.136842781504628 ], [ -59.949393368979635, -3.136817100973804 ], [ -59.949391227387622, -3.136792858562368 ], [ -59.949389063986743, -3.136768616308271 ], [ -59.94938902928218, -3.136744207133886 ], [ -59.949388974175754, -3.13671979810684 ], [ -59.949388733034262, -3.136696160196212 ], [ -59.949388474313473, -3.136672522412513 ], [ -59.949387666867793, -3.136648425925396 ], [ -59.949386842755253, -3.136624329558589 ], [ -59.949386522775931, -3.136599691111174 ], [ -59.949386187091818, -3.136575052777124 ], [ -59.949385924262053, -3.136551164746453 ], [ -59.949385648275133, -3.136527276810757 ], [ -59.949386361064441, -3.136502304854571 ], [ -59.94938706124853, -3.136477332989397 ], [ -59.949384913858289, -3.136453090619604 ], [ -59.949382756247239, -3.136428848323502 ], [ -59.94938301790669, -3.136404918618085 ], [ -59.949383271220263, -3.136380988972906 ], [ -59.949383220112175, -3.136356454778316 ], [ -59.949383161920132, -3.136331920634872 ], [ -59.949382300173767, -3.136307198848297 ], [ -59.949381432976992, -3.136282477101051 ], [ -59.949380541191154, -3.136257380116648 ], [ -59.949379645607998, -3.136232283159615 ], [ -59.949379435482868, -3.136209145577505 ], [ -59.949379223628313, -3.136186008007886 ], [ -59.949379949722278, -3.136161286231662 ], [ -59.949380675537171, -3.136136564457514 ], [ -59.949379293178964, -3.136112009455708 ], [ -59.949377912268552, -3.136087454443367 ], [ -59.949376646110373, -3.136064400261406 ], [ -59.949375382696545, -3.136041346059592 ], [ -59.949374657282505, -3.136016738954745 ], [ -59.949373936667477, -3.135992131815224 ], [ -59.949374049579404, -3.135968087517004 ], [ -59.949374168701063, -3.135944043173924 ], [ -59.949373114877808, -3.135920342823671 ], [ -59.949372068647627, -3.135896642418564 ], [ -59.949371696689312, -3.135871503792767 ], [ -59.94937133505929, -3.135846365092396 ], [ -59.949370533286277, -3.135822518840078 ], [ -59.949369742424743, -3.135798672508958 ], [ -59.949369671340513, -3.135774013319736 ], [ -59.949369613628761, -3.135749354033968 ], [ -59.949370009640475, -3.135723902754938 ], [ -59.949370421774326, -3.135698451359511 ], [ -59.949368807609339, -3.135674417527928 ], [ -59.949367209496373, -3.135650383580375 ], [ -59.949368189529984, -3.135625641026078 ], [ -59.949369188279583, -3.135600898336719 ], [ -59.949370694298956, -3.135576114096806 ], [ -59.949372220852482, -3.135551329708726 ], [ -59.949372877320208, -3.135519395953936 ], [ -59.949373571247648, -3.135487461928765 ], [ -59.949374304521115, -3.13545552761956 ], [ -59.94937355547232, -3.13543243181562 ], [ -59.949372828722268, -3.135409335850661 ], [ -59.949373501534772, -3.135384113905123 ], [ -59.949374202698358, -3.135358891754927 ], [ -59.949374545362033, -3.135336212845793 ], [ -59.949374912379, -3.135313533760848 ], [ -59.949374937744516, -3.135286852718787 ], [ -59.949374998860023, -3.13526017141867 ], [ -59.949375807543262, -3.135236700427289 ], [ -59.949376645478331, -3.13521322922479 ], [ -59.94937741379055, -3.135189257971847 ], [ -59.949378214194631, -3.135165286487254 ], [ -59.949378474694832, -3.135141607065121 ], [ -59.949378768067682, -3.135117927405686 ], [ -59.949378749604115, -3.135090746126854 ], [ -59.949378776639861, -3.135063564519526 ], [ -59.949379194242553, -3.135041886174842 ], [ -59.949379642108354, -3.135020207611703 ], [ -59.949379780912238, -3.134995027409135 ], [ -59.949379962275735, -3.134969846899335 ], [ -59.949380786208614, -3.134946626073898 ], [ -59.949381647831082, -3.13492340497641 ], [ -59.949380810912814, -3.134899308700403 ], [ -59.949380016213759, -3.134875212119604 ], [ -59.949381285784384, -3.134850949082539 ], [ -59.949382599755197, -3.134826685725038 ], [ -59.949383425293341, -3.134800192349434 ], [ -59.949384305848902, -3.134773698576741 ] ] } },
{ "type": "Feature", "properties": { "id_linha": 17, "comprimento_m": 304.332, "classificacao": "reta", "n_pontos": 56, "desvio_relativo": 0.00597 }, "geometry": { "type": "LineString", "coordinates": [ [ -59.949446578145441, -3.137473290706632 ], [ -59.949450374889764, -3.137446817776066 ], [ -59.94945411919219, -3.1374203452243 ], [ -59.949453851314772, -3.137396206954154 ], [ -59.949453541448406, -3.137372068987153 ], [ -59.949453761605014, -3.137347388752622 ], [ -59.949453939601689, -3.137322708822549 ], [ -59.949454441437176, -3.137298257886778 ], [ -59.94945490360093, -3.137273807237483 ], [ -59.94945465234327, -3.137249919123651 ], [ -59.949454364801014, -3.137226031271803 ], [ -59.949455262274739, -3.137203310470809 ], [ -59.949456128340479, -3.137180589896614 ], [ -59.949457433317782, -3.137152803792194 ], [ -59.949458693584724, -3.137125018010662 ], [ -59.949459287748596, -3.137101817790373 ], [ -59.949459852322242, -3.137078617783756 ], [ -59.949459765513886, -3.137053458156075 ], [ -59.949459645665456, -3.137028298766975 ], [ -59.949460425046681, -3.137004077159455 ], [ -59.949461175499259, -3.136979855760844 ], [ -59.949460938577282, -3.136956217819623 ], [ -59.949460675637113, -3.136932580066243 ], [ -59.949459589894879, -3.136908254255889 ], [ -59.949458478230589, -3.136883928632609 ], [ -59.949458670538014, -3.136858998322001 ], [ -59.949458837413708, -3.13683406819503 ], [ -59.949457807731122, -3.136810492809245 ], [ -59.949456756852719, -3.136786917576425 ], [ -59.949457416574688, -3.136761195173713 ], [ -59.949458052979232, -3.136735472939392 ], [ -59.949457021706166, -3.136711897564991 ], [ -59.949455972415151, -3.136688322320645 ], [ -59.949455274354172, -3.13666220388778 ], [ -59.949454556149632, -3.136636085600361 ], [ -59.94945329845919, -3.136613031357493 ], [ -59.949452026584304, -3.136589977216993 ], [ -59.949451628687157, -3.136564338225866 ], [ -59.949451215112326, -3.136538699347902 ], [ -59.949451536665315, -3.136515520039137 ], [ -59.949451846929556, -3.136492340811863 ], [ -59.949450470801914, -3.136467785765166 ], [ -59.949449083662564, -3.136443230797919 ], [ -59.949448194819119, -3.136418133792124 ], [ -59.949447296289812, -3.136393036856234 ], [ -59.94944670878639, -3.13636841928371 ], [ -59.949446113712142, -3.136343801765824 ], [ -59.949447028384249, -3.136318058577868 ], [ -59.949447936717412, -3.13629231543571 ], [ -59.949448742454209, -3.13626859418994 ], [ -59.949449544420375, -3.136244872971456 ], [ -59.949448768683048, -3.136221276807703 ], [ -59.94944799073869, -3.136197680659856 ], [ -59.949447097407081, -3.136172583686243 ], [ -59.949446203357383, -3.136147486717761 ], [ -59.949445348088766, -3.136122890022241 ], [ -59.94944449387399, -3.136098293319078 ], [ -59.94944314986369, -3.136074238593151 ], [ -59.949441808494889, -3.136050183848078 ], [ -59.949442532185365, -3.136025462088484 ], [ -59.949443260389337, -3.136000740296335 ], [ -59.949442285275161, -3.135974642807133 ], [ -59.949441317202684, -3.135948545267026 ], [ -59.949440565915886, -3.135916389008949 ], [ -59.949439828810405, -3.135884232648449 ], [ -59.949439107814122, -3.135852076171603 ], [ -59.949438208165105, -3.135826979243284 ], [ -59.949437320421801, -3.13580188222898 ], [ -59.949437395125067, -3.135775701383913 ], [ -59.949437484814368, -3.135749520430649 ], [ -59.949437794067713, -3.135726341209803 ], [ -59.949438116602472, -3.13570316189307 ], [ -59.949437819696549, -3.135679023830724 ], [ -59.949437538796893, -3.135654885652781 ], [ -59.94943691864605, -3.135630018038774 ], [ -59.949436317243865, -3.135605150289372 ], [ -59.949435208703157, -3.135580824642472 ], [ -59.949434119796635, -3.135556498853794 ], [ -59.949435625029331, -3.135531714618804 ], [ -59.94943715235862, -3.135506930224369 ], [ -59.949438208709246, -3.135483188224165 ], [ -59.949439286925454, -3.135459446066143 ], [ -59.94943951275696, -3.135435266341295 ], [ -59.949439762902408, -3.135411086440941 ], [ -59.949439948412227, -3.135386406454197 ], [ -59.949440160977524, -3.135361726272165 ], [ -59.949439779216171, -3.135336587716146 ], [ -59.949439427359181, -3.135311448944206 ], [ -59.949440823022044, -3.135288686655758 ], [ -59.949442244612577, -3.135265924180199 ], [ -59.949442368124949, -3.135240493811439 ], [ -59.949442525831508, -3.135215063195818 ], [ -59.949442345292539, -3.135189153413316 ], [ -59.949442202252776, -3.135163243360088 ], [ -59.949443213322638, -3.135139001133272 ], [ -59.949444258903817, -3.135114758657374 ], [ -59.949445005728435, -3.135090537282424 ], [ -59.949445788656988, -3.135066315646854 ], [ -59.949445968075878, -3.135041635703602 ], [ -59.949446186717203, -3.135016955477226 ], [ -59.949446931878001, -3.134992734114079 ], [ -59.949447716465947, -3.134968512466363 ], [ -59.949447933972287, -3.134944332800937 ], [ -59.949448192421983, -3.134920152839994 ], [ -59.949448448938909, -3.134896473445823 ], [ -59.949448746276246, -3.134872793757009 ], [ -59.949449488984513, -3.134848572411361 ], [ -59.94945027601841, -3.134824350745749 ], [ -59.949451201453769, -3.134799108030764 ], [ -59.94945217685278, -3.134773864955101 ], [ -59.949452127648527, -3.134749706159112 ], [ -59.949452125905559, -3.134725547020566 ] ] } },
{ "type": "Feature", "properties": { "id_linha": 18, "comprimento_m": 299.735, "classificacao": "reta", "n_pontos": 57, "desvio_relativo": 0.00568 }, "geometry": { "type": "LineString", "coordinates": [ [ -59.949520133023704, -3.137444316248803 ], [ -59.949520694080384, -3.137420615714521 ], [ -59.949521213867492, -3.137396915478307 ], [ -59.949520494878215, -3.137373819458527 ], [ -59.94951973811412, -3.137350723711505 ], [ -59.949521989551158, -3.137324876153171 ], [ -59.949524195649381, -3.137299028922333 ], [ -59.949525957252689, -3.137273723341333 ], [ -59.949527677282958, -3.137248418060569 ], [ -59.949528575095215, -3.137225697256539 ], [ -59.949529440814302, -3.137202976684283 ], [ -59.949528302385133, -3.137177900424908 ], [ -59.949527126558827, -3.137152824435489 ], [ -59.949528736764577, -3.137129040550079 ], [ -59.94953031498342, -3.137105256895683 ], [ -59.949530415606375, -3.13707907586448 ], [ -59.949530479418094, -3.137052895099102 ], [ -59.949530770626971, -3.137029215456533 ], [ -59.949531033346133, -3.137005536019692 ], [ -59.949529216022377, -3.136982023152467 ], [ -59.949527372086578, -3.136958510477325 ], [ -59.949528188698416, -3.136934789153317 ], [ -59.949528979807532, -3.136911068013463 ], [ -59.949528253297764, -3.136887972047544 ], [ -59.949527504037114, -3.136864876245832 ], [ -59.949527599880724, -3.136838695248876 ], [ -59.949527668461947, -3.136812514448752 ], [ -59.949527878736916, -3.136787834284367 ], [ -59.949528066582296, -3.136763154281916 ], [ -59.9495266951986, -3.136738599201 ], [ -59.949525303313564, -3.136714044268034 ], [ -59.949525531136565, -3.136689614253304 ], [ -59.949525740379855, -3.136665184372735 ], [ -59.949523975535698, -3.136642421955844 ], [ -59.94952219596054, -3.136619659645223 ], [ -59.949523944953398, -3.136594354154152 ], [ -59.949525677560196, -3.136569048781464 ], [ -59.949524945755819, -3.136545952853453 ], [ -59.949524201778857, -3.136522857013298 ], [ -59.949524368227216, -3.136497676612042 ], [ -59.949524521988437, -3.136472496302393 ], [ -59.949524238092266, -3.136448358146509 ], [ -59.949523944199981, -3.136424220062756 ], [ -59.949522400394322, -3.136400936552827 ], [ -59.949520848772281, -3.136377653099272 ], [ -59.949521256597713, -3.136352201734636 ], [ -59.949521656923835, -3.136326750424161 ], [ -59.949520785381218, -3.136301903569508 ], [ -59.949519908486657, -3.136277056753463 ], [ -59.9495191138287, -3.136253210449569 ], [ -59.949518315847058, -3.13622936416964 ], [ -59.949518105683254, -3.136206226587087 ], [ -59.949517893849524, -3.136183089016553 ], [ -59.949517039210143, -3.136158492316241 ], [ -59.949516184357599, -3.136133895617429 ], [ -59.9495170654844, -3.136111174932471 ], [ -59.949517947844186, -3.136088454238645 ], [ -59.949515393795942, -3.136062481813274 ], [ -59.949512843268941, -3.136036509362359 ], [ -59.949513078890803, -3.136012329567054 ], [ -59.949513319259324, -3.135988149737484 ], [ -59.949511973402842, -3.135964095024593 ], [ -59.949510633867547, -3.135940040266021 ], [ -59.949510380091752, -3.135916402445094 ], [ -59.949510133960821, -3.135892764568948 ], [ -59.949511420906461, -3.135868501406769 ], [ -59.949512717532009, -3.135844238174752 ], [ -59.949512462203273, -3.135820600364932 ], [ -59.949512217621496, -3.135796962477472 ], [ -59.949510498519842, -3.135774950559203 ], [ -59.949508790030315, -3.135752938564206 ], [ -59.949507770737668, -3.135726340840451 ], [ -59.949506768925268, -3.135699742990439 ], [ -59.949506998835673, -3.135675563235998 ], [ -59.949507244902925, -3.135651383364918 ], [ -59.949507493655602, -3.135627453750842 ], [ -59.949507759828506, -3.135603524011045 ], [ -59.949508574003751, -3.13558005297939 ], [ -59.949509406444285, -3.135556581815909 ], [ -59.949509680545425, -3.135529629756844 ], [ -59.949509980862111, -3.135502677508536 ], [ -59.949510648196622, -3.135480728139889 ], [ -59.949511334277311, -3.135458778635925 ], [ -59.94951156010152, -3.135434598910679 ], [ -59.949511810244672, -3.135410419009846 ], [ -59.94951162682608, -3.135387781786263 ], [ -59.949511466118494, -3.135365144398719 ], [ -59.949511084424273, -3.135340005841862 ], [ -59.949510732490374, -3.135314867070114 ], [ -59.949512088675938, -3.135291604513062 ], [ -59.949513471835012, -3.135268341761323 ], [ -59.94951349038331, -3.135244933305858 ], [ -59.94951353774897, -3.135221524642349 ], [ -59.949514266577388, -3.135197053120405 ], [ -59.949515028547552, -3.135172581359235 ], [ -59.94951575652604, -3.13514810984333 ], [ -59.94951651934371, -3.135123638075971 ], [ -59.949515323101991, -3.135098311955641 ], [ -59.949514166069278, -3.13507298555219 ], [ -59.949514872444887, -3.135048263915612 ], [ -59.949515617911153, -3.135023541996909 ], [ -59.949516442690346, -3.135000321164324 ], [ -59.949517303451529, -3.134977100072041 ], [ -59.949518087730461, -3.134953378978809 ], [ -59.949518911089406, -3.134929657603487 ], [ -59.949518680738407, -3.134906520165255 ], [ -59.949518489044927, -3.134883382447957 ], [ -59.949519375658689, -3.134857639459717 ], [ -59.949520311972172, -3.134831896112751 ], [ -59.949521277485879, -3.134807153660754 ], [ -59.949522290697637, -3.134782410864455 ], [ -59.94952268455458, -3.134760482413434 ], [ -59.949523117188335, -3.134738553682517 ] ] } },
{ "type": "Feature", "properties": { "id_linha": 19, "comprimento_m": 300.892, "classificacao": "reta", "n_pontos": 57, "desvio_relativo": 0.00445 }, "geometry": { "type": "LineString", "coordinates": [ [ -59.949587516582163, -3.137445024610819 ], [ -59.949587852266411, -3.137421845200155 ], [ -59.949588148417405, -3.137398666074955 ], [ -59.949588934107091, -3.137374444421327 ], [ -59.94958967825017, -3.137350223067756 ], [ -59.949590951952423, -3.137325459449704 ], [ -59.949592183978957, -3.137300696132617 ], [ -59.949592853567978, -3.137274973658248 ], [ -59.949593480109478, -3.137249251494764 ], [ -59.949595393601392, -3.137225947028043 ], [ -59.949597273327818, -3.1372026428052 ], [ -59.949597528730571, -3.137178462867944 ], [ -59.949597749353885, -3.137154283181831 ], [ -59.949597476986867, -3.137130144943014 ], [ -59.949597171581097, -3.137106006942773 ], [ -59.9495969558726, -3.137082619124232 ], [ -59.949596710655435, -3.137059231518748 ], [ -59.949596829514768, -3.137033300631874 ], [ -59.949596914028241, -3.137007369993 ], [ -59.949597127749989, -3.136982689803487 ], [ -59.949597312147141, -3.136958009825716 ], [ -59.949596097868842, -3.136935455822214 ], [ -59.94959486047258, -3.136912901985591 ], [ -59.949595034098763, -3.136887721532541 ], [ -59.949595180688505, -3.136862541274714 ], [ -59.949593926498409, -3.136839487006342 ], [ -59.949592651111971, -3.136816432890983 ], [ -59.949592861460054, -3.136791752725633 ], [ -59.949593049223665, -3.136767072723365 ], [ -59.949592751039724, -3.136742684394096 ], [ -59.949592432487336, -3.136718296211861 ], [ -59.949592268517733, -3.136695658848844 ], [ -59.949592088397466, -3.136673021602403 ], [ -59.949591634214556, -3.136646632187545 ], [ -59.949591160059605, -3.136620242916869 ], [ -59.949591366941377, -3.136595562776308 ], [ -59.949591558163505, -3.136570882748823 ], [ -59.94959123725495, -3.136546244306945 ], [ -59.94959090247017, -3.136521605965222 ], [ -59.949590619407843, -3.136497467802997 ], [ -59.94959032467473, -3.136473329725001 ], [ -59.949588948222377, -3.136448774680268 ], [ -59.949587561388185, -3.136424219710406 ], [ -59.949588252936856, -3.136398997629261 ], [ -59.949588935379595, -3.136373775613896 ], [ -59.949587107918248, -3.136350262819342 ], [ -59.949585274094872, -3.136326750070663 ], [ -59.949585700392888, -3.1363015488486 ], [ -59.949586121185078, -3.136276347666282 ], [ -59.94958496584897, -3.136251271527904 ], [ -59.949583806890224, -3.136226195415615 ], [ -59.949584123579442, -3.136203016140664 ], [ -59.949584438678343, -3.136179836877174 ], [ -59.949583583985742, -3.136155240176956 ], [ -59.949582729177223, -3.13613064347754 ], [ -59.94958247849501, -3.13610700563409 ], [ -59.949582229268081, -3.136083367780119 ], [ -59.949580963056469, -3.136060313598013 ], [ -59.949579699669727, -3.136037259395437 ], [ -59.949579310771696, -3.136011870614462 ], [ -59.94957892710805, -3.135986481795673 ], [ -59.949577600771988, -3.135962677218137 ], [ -59.949576280657347, -3.135938872595628 ], [ -59.949577041510352, -3.135914651119438 ], [ -59.949577810428643, -3.135890429585045 ], [ -59.949578648766298, -3.135867208655258 ], [ -59.949579495997519, -3.135843987661288 ], [ -59.949579123086856, -3.135818849041155 ], [ -59.949578762378394, -3.135793710332922 ], [ -59.949577413259739, -3.135769655643229 ], [ -59.949576076971717, -3.135745600860872 ], [ -59.949575859296814, -3.135722463331666 ], [ -59.949575654949385, -3.135699325706269 ], [ -59.949576293811859, -3.135673603451615 ], [ -59.949576951010215, -3.135647881064624 ], [ -59.949576126309879, -3.135623784700351 ], [ -59.949575319391656, -3.135599688207652 ], [ -59.949576786023812, -3.135574403697014 ], [ -59.949578274036561, -3.135549119032121 ], [ -59.949577829250899, -3.135526502639511 ], [ -59.949577403010927, -3.135503886112984 ], [ -59.949578235304237, -3.13548066522631 ], [ -59.949579088563652, -3.135457444188313 ], [ -59.949579801757039, -3.135432722502575 ], [ -59.94958054041355, -3.135408000633012 ], [ -59.949580725877212, -3.135383320645646 ], [ -59.949580938469403, -3.135358640462445 ], [ -59.9495813601024, -3.135336962087703 ], [ -59.949581803924836, -3.135315283552736 ], [ -59.949580854879926, -3.135289686426925 ], [ -59.949579938593317, -3.135264089064607 ], [ -59.949580483925523, -3.135240638917082 ], [ -59.949581058289844, -3.135217188559968 ], [ -59.949582497999927, -3.135191653966573 ], [ -59.94958397396509, -3.135166119111496 ], [ -59.949584701835391, -3.135141647595805 ], [ -59.949585464751785, -3.135117175827161 ], [ -59.949585098380041, -3.135092287435417 ], [ -59.949584770054074, -3.135067398769 ], [ -59.949585068684115, -3.135044219623044 ], [ -59.949585401796853, -3.135021040228175 ], [ -59.949586107256081, -3.134996318597579 ], [ -59.949586853626784, -3.134971596671687 ], [ -59.949586017531743, -3.134947500388929 ], [ -59.949585221983668, -3.134923403813458 ], [ -59.949586492388505, -3.134899140768511 ], [ -59.949587805500187, -3.134874877415319 ], [ -59.949589198806464, -3.134848842603331 ], [ -59.949590643257103, -3.134822807422185 ], [ -59.949589114113721, -3.134800024358003 ], [ -59.949587625675022, -3.134777240999952 ], [ -59.949587414870493, -3.134752717427289 ], [ -59.949587252836956, -3.134728193502542 ] ] } },
{ "type": "Feature", "properties": { "id_linha": 20, "comprimento_m": 301.109, "classificacao": "reta", "n_pontos": 57, "desvio_relativo": 0.00596 }, "geometry": { "type": "LineString", "coordinates": [ [ -59.94965769043656, -3.137447525586979 ], [ -59.949658026163199, -3.137424346175532 ], [ -59.949658322262927, -3.137401167050273 ], [ -59.949658015981328, -3.137376528503308 ], [ -59.949657666591939, -3.137351890267615 ], [ -59.949657473870133, -3.137328752559522 ], [ -59.949657244617129, -3.137305615115201 ], [ -59.949659571449381, -3.137280768116635 ], [ -59.949661857929414, -3.137255921409587 ], [ -59.94966369510567, -3.137231616387239 ], [ -59.949665495340639, -3.137207311631707 ], [ -59.949665262116504, -3.137183673662946 ], [ -59.949664995460175, -3.13716003593555 ], [ -59.949665700588092, -3.137134813756771 ], [ -59.94966636947359, -3.137109591839662 ], [ -59.949665042460467, -3.137085536991214 ], [ -59.9496636840964, -3.13706148236909 ], [ -59.949663448508147, -3.137037844417212 ], [ -59.949663184210834, -3.137014206672605 ], [ -59.949665544190687, -3.136989859987098 ], [ -59.949667875406483, -3.136965513509378 ], [ -59.949667676683887, -3.136942375844166 ], [ -59.949667453416431, -3.136919238356164 ], [ -59.949666611709979, -3.136894641562562 ], [ -59.949665743929749, -3.13687004495717 ], [ -59.949664335965458, -3.136844989587106 ], [ -59.94966290274597, -3.136819934399334 ], [ -59.949662624730607, -3.136795796200567 ], [ -59.949662324951987, -3.13677165815895 ], [ -59.949662573049402, -3.136747478273488 ], [ -59.949662800952062, -3.136723298533838 ], [ -59.949662617762634, -3.136700411032683 ], [ -59.949662417903752, -3.136677523651882 ], [ -59.949662452169264, -3.136650592268919 ], [ -59.949662465451553, -3.136623661037457 ], [ -59.949661734499088, -3.136600565102789 ], [ -59.949660989654518, -3.136577469268392 ], [ -59.949660296677102, -3.136554873612471 ], [ -59.949659591755896, -3.136532278042753 ], [ -59.949658898108844, -3.136509682391653 ], [ -59.949658193855996, -3.136487086817058 ], [ -59.949657794010363, -3.136461447838721 ], [ -59.949657382350814, -3.13643580894567 ], [ -59.949657547206705, -3.136410628554885 ], [ -59.949657702538325, -3.136385448232876 ], [ -59.949656812651746, -3.136360351233699 ], [ -59.949655915134507, -3.13633525428957 ], [ -59.949656058719555, -3.136309823775788 ], [ -59.94965619636811, -3.136284393304861 ], [ -59.94965592874069, -3.136260505307041 ], [ -59.949655657505076, -3.136236617335262 ], [ -59.949654842729089, -3.13621252089958 ], [ -59.949654025896145, -3.136188424478671 ], [ -59.949653327154046, -3.136165828864019 ], [ -59.94965262798577, -3.13614323325244 ], [ -59.949651167793384, -3.136117677705923 ], [ -59.949649708880166, -3.13609212215008 ], [ -59.949649906434765, -3.136067442075792 ], [ -59.949650106954564, -3.136042761980093 ], [ -59.949649288911878, -3.136018665567825 ], [ -59.949648475339778, -3.135994569123223 ], [ -59.949648183371451, -3.135970431024395 ], [ -59.949647897516961, -3.135946292881397 ], [ -59.949646550964765, -3.135922238173145 ], [ -59.949645212105843, -3.135898183409251 ], [ -59.949645893953942, -3.135872961396938 ], [ -59.94964658606596, -3.135847739310532 ], [ -59.949647793861146, -3.135822475612509 ], [ -59.949649013816646, -3.135797211826743 ], [ -59.949648718512194, -3.135773073751801 ], [ -59.949648435986433, -3.135748935584574 ], [ -59.949648705993418, -3.135725256092667 ], [ -59.949648989847489, -3.135701576500828 ], [ -59.949647521282905, -3.135676021014361 ], [ -59.949646070727773, -3.135650465397812 ], [ -59.949645772942539, -3.135626327340633 ], [ -59.949645492892515, -3.135602189155385 ], [ -59.949645233646798, -3.135578551372845 ], [ -59.949644992955776, -3.135554913456351 ], [ -59.949646069793189, -3.135531421582937 ], [ -59.949647166447946, -3.135507929566495 ], [ -59.94964654367292, -3.135483061970293 ], [ -59.949645944860684, -3.135458194201036 ], [ -59.949645808565428, -3.13543278465107 ], [ -59.949645699163192, -3.135407374906945 ], [ -59.949647037067564, -3.135383862204262 ], [ -59.949648399544685, -3.135360349324205 ], [ -59.949648742242516, -3.13533767041299 ], [ -59.949649109191213, -3.13531499132667 ], [ -59.94964953665022, -3.135290040370848 ], [ -59.949649995179435, -3.135265089190703 ], [ -59.949651646752834, -3.135240544700849 ], [ -59.949653330096339, -3.135215999981728 ], [ -59.949652590196969, -3.135191392979364 ], [ -59.949651884, -3.135166785733677 ], [ -59.949651753652638, -3.135142633837549 ], [ -59.949651657409561, -3.135118481695186 ], [ -59.949651582685945, -3.135092815109023 ], [ -59.949651548379123, -3.135067148231079 ], [ -59.949652090573935, -3.135043698105424 ], [ -59.949652668058405, -3.135020247725042 ], [ -59.949652662796623, -3.13499658916385 ], [ -59.949652694994704, -3.13497293033222 ], [ -59.949653299993685, -3.13494695804392 ], [ -59.949653952061638, -3.134920985415817 ], [ -59.949655868700916, -3.134898181474937 ], [ -59.949657823061479, -3.134875377261797 ], [ -59.949657623943715, -3.134850978742664 ], [ -59.949657469692845, -3.134826579899629 ], [ -59.949657928259874, -3.134802129271472 ], [ -59.949658433559975, -3.134777678305945 ], [ -59.949660491711327, -3.134753352739918 ], [ -59.949662597744791, -3.134729026828299 ] ] } },
{ "type": "Feature", "properties": { "id_linha": 21, "comprimento_m": 301.548, "classificacao": "reta", "n_pontos": 56, "desvio_relativo": 0.00576 }, "geometry": { "type": "LineString", "coordinates": [ [ -59.949721266702909, -3.137460615678108 ], [ -59.949722015407794, -3.137435893737546 ], [ -59.949722718621246, -3.137411172125548 ], [ -59.949723993415212, -3.137386408498419 ], [ -59.949725224334934, -3.137361645188157 ], [ -59.949725482441323, -3.137337465230658 ], [ -59.949725700350371, -3.137313285563467 ], [ -59.949726522761893, -3.137289564196426 ], [ -59.949727308060744, -3.137265843097439 ], [ -59.949727640959352, -3.137242663705699 ], [ -59.949727939871188, -3.137219484559417 ], [ -59.949729661824854, -3.137193678709378 ], [ -59.949731343573127, -3.137167873149697 ], [ -59.949732125344319, -3.137143651522895 ], [ -59.949732873376938, -3.137119430139784 ], [ -59.94973263873166, -3.137095792180776 ], [ -59.949732373484466, -3.137072154442726 ], [ -59.949732099736551, -3.13704801621304 ], [ -59.949731795690653, -3.137023878202115 ], [ -59.949733140321875, -3.137000115176022 ], [ -59.949734457184405, -3.13697635235048 ], [ -59.949734181817163, -3.136952214132392 ], [ -59.94973387938677, -3.136928076109689 ], [ -59.94973299942292, -3.13690297903909 ], [ -59.949732091991571, -3.136877882166794 ], [ -59.949730684174156, -3.136852826795438 ], [ -59.94972925079874, -3.136827771608548 ], [ -59.949729011425212, -3.136804133683407 ], [ -59.949728750896064, -3.136780495911022 ], [ -59.949728472217672, -3.136756357716652 ], [ -59.949728173091856, -3.136732219669931 ], [ -59.949728459095475, -3.13670854006318 ], [ -59.949728726981476, -3.136684860587301 ], [ -59.949728408088404, -3.136660222130246 ], [ -59.949728071273817, -3.136635583802553 ], [ -59.949727185963511, -3.136610486770315 ], [ -59.94972628386904, -3.136585389859173 ], [ -59.949726001892401, -3.136561251688437 ], [ -59.949725706057905, -3.136537113617708 ], [ -59.949725609322833, -3.13651195405941 ], [ -59.949725499342627, -3.136486794596763 ], [ -59.949725479155951, -3.136462635591645 ], [ -59.949725448425376, -3.136438476662629 ], [ -59.949724431764231, -3.136415151458038 ], [ -59.949723406766736, -3.136391826313556 ], [ -59.949723131219635, -3.13636781323442 ], [ -59.949722848423768, -3.136343800207611 ], [ -59.949721982711125, -3.136317317040878 ], [ -59.949721110232758, -3.136290833922953 ], [ -59.949721559661661, -3.136267644216721 ], [ -59.949722005454518, -3.136244454536742 ], [ -59.949720439374147, -3.13622092091058 ], [ -59.949718871045818, -3.136197387300605 ], [ -59.949720953549033, -3.136173061560473 ], [ -59.949723035294561, -3.136148735825897 ], [ -59.949721331253677, -3.13612345126044 ], [ -59.949719628232266, -3.136098166687528 ], [ -59.949719074573032, -3.136074049421973 ], [ -59.949718523506974, -3.136049932137678 ], [ -59.949717725111555, -3.136026085859759 ], [ -59.949716930833432, -3.136002239552071 ], [ -59.949716316932154, -3.135977371891951 ], [ -59.949715709254605, -3.135952504186896 ], [ -59.94971477233431, -3.135926906973642 ], [ -59.94971384392705, -3.135901309698869 ], [ -59.94971314093349, -3.135878714114414 ], [ -59.94971244599985, -3.135856118471779 ], [ -59.949713555952542, -3.135829604097173 ], [ -59.949714678990944, -3.135803089628094 ], [ -59.949713876521962, -3.135779243379345 ], [ -59.949713086309515, -3.135755397042089 ], [ -59.949712507237983, -3.135731029683221 ], [ -59.949711942622606, -3.135706662219947 ], [ -59.949710934041427, -3.135683587232899 ], [ -59.949709939892578, -3.135660512141598 ], [ -59.949710393259046, -3.135635811275204 ], [ -59.949710864837392, -3.135611110277369 ], [ -59.949713456351837, -3.135590015511367 ], [ -59.949716062306962, -3.135568920641226 ], [ -59.949714279396396, -3.135543893235944 ], [ -59.949712518545681, -3.135518865671336 ], [ -59.949712471200883, -3.135493449164056 ], [ -59.949712448473328, -3.135468032479062 ], [ -59.949713333642968, -3.135441286763427 ], [ -59.949714248219266, -3.13541454083555 ], [ -59.949715315706456, -3.135391801489343 ], [ -59.949716405927354, -3.135369061979052 ], [ -59.949716551168351, -3.135343881728149 ], [ -59.949716726062512, -3.135318701263198 ], [ -59.94971554684502, -3.13529689783439 ], [ -59.949714391175519, -3.135275094235552 ], [ -59.949715568566788, -3.135249580479052 ], [ -59.949716779939394, -3.135224066477257 ], [ -59.949718045575942, -3.135199678327685 ], [ -59.949719343977172, -3.135175289941621 ], [ -59.949719495576872, -3.135150234782777 ], [ -59.949719683579147, -3.135125179361118 ], [ -59.949718909600548, -3.135101833458972 ], [ -59.949718168774751, -3.13507848731745 ], [ -59.949720356338823, -3.135052389937203 ], [ -59.949722587209415, -3.135026292244418 ], [ -59.949722483017261, -3.134994080793177 ], [ -59.949722448388691, -3.134961868839751 ], [ -59.949722485260679, -3.13492965637016 ], [ -59.949723149246445, -3.134904434484784 ], [ -59.949723859167129, -3.134879212267853 ], [ -59.949724154871134, -3.134856033141788 ], [ -59.949724490884812, -3.134832853724773 ], [ -59.949724259040138, -3.134809716296073 ], [ -59.949724068810589, -3.134786578566968 ], [ -59.949725883674454, -3.134762523977461 ], [ -59.9497277450428, -3.134738469052329 ] ] } },
{ "type": "Feature", "properties": { "id_linha": 22, "comprimento_m": 302.245, "classificacao": "reta", "n_pontos": 58, "desvio_relativo": 0.00574 }, "geometry": { "type": "LineString", "coordinates": [ [ -59.949788984575598, -3.137445190233533 ], [ -59.949789809142871, -3.137421468850587 ], [ -59.949790592283399, -3.137397747766832 ], [ -59.949791527231589, -3.137372004430942 ], [ -59.949792415289153, -3.137346261433704 ], [ -59.949792371529206, -3.137321602046404 ], [ -59.949792286496596, -3.137296942957126 ], [ -59.94979312773971, -3.13727347173003 ], [ -59.94979393314749, -3.137250000761733 ], [ -59.949794208468269, -3.13722607095584 ], [ -59.949794448099162, -3.13720214140767 ], [ -59.949796284362208, -3.137177836390411 ], [ -59.949798085490293, -3.13715353162694 ], [ -59.94979871404604, -3.137127308893974 ], [ -59.949799303685317, -3.137101086442058 ], [ -59.949798589714305, -3.137078115522886 ], [ -59.949797847361531, -3.137055144808648 ], [ -59.949798129033134, -3.137031340094876 ], [ -59.949798381779921, -3.137007535589971 ], [ -59.949798595516576, -3.136982855398975 ], [ -59.949798779871465, -3.136958175420142 ], [ -59.949797469529422, -3.136934370727326 ], [ -59.949796133421806, -3.136910566220468 ], [ -59.949796853167932, -3.136885594211171 ], [ -59.949797546355974, -3.13686062239365 ], [ -59.949797795969658, -3.13683644249641 ], [ -59.949798022341639, -3.136812262766985 ], [ -59.949797159513786, -3.13678741584875 ], [ -59.949796273883422, -3.136762569095096 ], [ -59.949795882448029, -3.136738691463022 ], [ -59.949795471570617, -3.136714813971301 ], [ -59.949794905789886, -3.136688685109636 ], [ -59.949794318705877, -3.136662556401748 ], [ -59.949793286273696, -3.136638981034509 ], [ -59.949792238095398, -3.136615405780895 ], [ -59.949792669723486, -3.136590204519144 ], [ -59.949793085169361, -3.136565003374236 ], [ -59.949792384691236, -3.13653888495704 ], [ -59.949791668850331, -3.136512766650743 ], [ -59.949790506113658, -3.136490963103693 ], [ -59.949789333988463, -3.136469159624344 ], [ -59.949789011300034, -3.13644452119408 ], [ -59.949788678264383, -3.136419882838523 ], [ -59.949789369745901, -3.136394660756245 ], [ -59.949790052227804, -3.136369438738943 ], [ -59.949789824839797, -3.136346051002923 ], [ -59.9497895912505, -3.136322663311657 ], [ -59.949789227129216, -3.136297524627444 ], [ -59.94978885762054, -3.136272385982101 ], [ -59.949789887610592, -3.136248143617249 ], [ -59.949790914275248, -3.136223901276446 ], [ -59.949789289481735, -3.136199617244606 ], [ -59.949787663006354, -3.136175333224871 ], [ -59.949786115296575, -3.136152049742403 ], [ -59.949784567537243, -3.136128766260219 ], [ -59.949783409520137, -3.136103690140361 ], [ -59.949782253209683, -3.136078614008114 ], [ -59.94978499715166, -3.136055997538429 ], [ -59.949787743889296, -3.136033381048652 ], [ -59.949785754735323, -3.13600786720919 ], [ -59.949783770967201, -3.135982353330717 ], [ -59.94978240548118, -3.135958048482331 ], [ -59.949781046588789, -3.135933743586279 ], [ -59.949779841335427, -3.135909803523561 ], [ -59.949778644082869, -3.135885863403022 ], [ -59.949777906169004, -3.135861131248209 ], [ -59.949777178518154, -3.135836399019274 ], [ -59.949775975956015, -3.135810822667814 ], [ -59.949774786281175, -3.135785246223227 ], [ -59.949775799408997, -3.135764276518096 ], [ -59.949776822373181, -3.13574330674196 ], [ -59.949776943171024, -3.135714353576095 ], [ -59.949777085157386, -3.135685400257275 ], [ -59.949777314839643, -3.135661220502587 ], [ -59.949777561098529, -3.135637040628214 ], [ -59.949778171364684, -3.13561434084036 ], [ -59.949778797635837, -3.135591640936964 ], [ -59.949778841012353, -3.135568482577484 ], [ -59.949778902478201, -3.13554532408743 ], [ -59.94977848468006, -3.135519685236968 ], [ -59.949778090919132, -3.135494046212938 ], [ -59.949778435617482, -3.13547136728651 ], [ -59.949778800554668, -3.135448688214026 ], [ -59.949780896617114, -3.13542134011192 ], [ -59.949783024248838, -3.135393991781993 ], [ -59.949782998380591, -3.135373355631335 ], [ -59.949782991691443, -3.135352719342189 ], [ -59.949781584619245, -3.135326344215529 ], [ -59.949780210797691, -3.135299968848783 ], [ -59.9497817088033, -3.135273482148445 ], [ -59.949783242435494, -3.135246995190961 ], [ -59.949784940133235, -3.135224712327183 ], [ -59.949786664440012, -3.135202429271388 ], [ -59.949786458141837, -3.135179541934823 ], [ -59.949786281321657, -3.135156654385435 ], [ -59.949787827314495, -3.135128847589872 ], [ -59.949787089383364, -3.135105751703714 ], [ -59.949787269519298, -3.135081071752952 ], [ -59.949787487398858, -3.135056391529751 ], [ -59.949788233249791, -3.135032170158924 ], [ -59.94978901710401, -3.135007948513788 ], [ -59.94978814184914, -3.13498335196001 ], [ -59.949787307534102, -3.134958755110628 ], [ -59.94978801190156, -3.134934033486184 ], [ -59.949788759333998, -3.1349093115509 ], [ -59.949788369299803, -3.13488417305215 ], [ -59.949788025649873, -3.134859034218535 ], [ -59.949789841732517, -3.134834979619637 ], [ -59.949791701877238, -3.134810924702727 ], [ -59.949791449756155, -3.134787537143577 ], [ -59.949791240843062, -3.134764149272487 ], [ -59.949791231430055, -3.134740490740124 ], [ -59.949791267751536, -3.13471683187762 ] ] } },
{ "type": "Feature", "properties": { "id_linha": 23, "comprimento_m": 301.073, "classificacao": "reta", "n_pontos": 57, "desvio_relativo": 0.0058 }, "geometry": { "type": "LineString", "coordinates": [ [ -59.949854242149172, -3.137439019823109 ], [ -59.949855593583422, -3.137415256747312 ], [ -59.949856903645994, -3.137391493970304 ], [ -59.949857727340635, -3.137367772593033 ], [ -59.949858511342669, -3.137344051502447 ], [ -59.949858146900986, -3.137318662544815 ], [ -59.949857738792488, -3.13729327390248 ], [ -59.949859068749433, -3.137269260705016 ], [ -59.949860361332277, -3.1372452477775 ], [ -59.9498621983372, -3.137220942754223 ], [ -59.949863998716808, -3.137196637995476 ], [ -59.949865231487145, -3.137171374117128 ], [ -59.949866426501409, -3.137146110511472 ], [ -59.949867339647348, -3.137121878462922 ], [ -59.949868219735592, -3.137097646653079 ], [ -59.949867592015444, -3.13707580135505 ], [ -59.949866938678007, -3.137053956241992 ], [ -59.949866925716272, -3.13702803577703 ], [ -59.949866878562801, -3.137002115558944 ], [ -59.949865530566697, -3.136977810584892 ], [ -59.949864154205358, -3.136953505815592 ], [ -59.9498633515202, -3.136929409292408 ], [ -59.949862522593151, -3.13690531295866 ], [ -59.949863428877393, -3.136879319551918 ], [ -59.949864306615822, -3.136853326351315 ], [ -59.949862994552618, -3.136829521670613 ], [ -59.949861660154184, -3.136805717151149 ], [ -59.949863168406189, -3.136780682615527 ], [ -59.949864653768685, -3.136755648245227 ], [ -59.949863359378014, -3.13673209371337 ], [ -59.949862046254069, -3.136708539316673 ], [ -59.949860654645576, -3.136683734104331 ], [ -59.949859243987746, -3.136658929029433 ], [ -59.949859586750762, -3.136635999841379 ], [ -59.949859914707808, -3.136613070760224 ], [ -59.949859555915388, -3.136587932037494 ], [ -59.949859181079262, -3.136562793430558 ], [ -59.949858333126102, -3.136538196680898 ], [ -59.949857471554033, -3.136513600029518 ], [ -59.949857676567532, -3.136488919900466 ], [ -59.949857869617418, -3.136464239857796 ], [ -59.949856531775715, -3.136440185086487 ], [ -59.949855184194369, -3.136416130385427 ], [ -59.949855426273238, -3.13639195054163 ], [ -59.949855660154505, -3.136367770757049 ], [ -59.949854769957135, -3.13634267375925 ], [ -59.949853872722493, -3.136317576812226 ], [ -59.949853566796783, -3.136293188536913 ], [ -59.949853255934123, -3.13626880029726 ], [ -59.949853398285498, -3.136243369790893 ], [ -59.949853537137329, -3.136217939309805 ], [ -59.949853210028195, -3.136193300910873 ], [ -59.949852881395046, -3.1361686625229 ], [ -59.949850035823381, -3.13614573340859 ], [ -59.949847190382386, -3.136122804293187 ], [ -59.949847798388397, -3.13609658170671 ], [ -59.94984840852338, -3.136070359104913 ], [ -59.949849327738399, -3.136048138695168 ], [ -59.949850249866671, -3.136025918264407 ], [ -59.949847753222834, -3.136000696253931 ], [ -59.949845262092182, -3.135975474203503 ], [ -59.949844911160994, -3.135950585699811 ], [ -59.94984456739143, -3.135925697144399 ], [ -59.949843455220112, -3.135904644061144 ], [ -59.94984234935734, -3.135883590932298 ], [ -59.949843810369359, -3.135854783644918 ], [ -59.949845285570973, -3.135825976255159 ], [ -59.94984493390465, -3.13580788311026 ], [ -59.949844588731374, -3.135789789918455 ], [ -59.949842712685765, -3.135765776920979 ], [ -59.94984084949612, -3.135741763830607 ], [ -59.949843148360813, -3.135716917028915 ], [ -59.949845462701319, -3.135692070115606 ], [ -59.949844638760226, -3.135667973744748 ], [ -59.949843831048383, -3.135643877256708 ], [ -59.949844020695089, -3.135619197237618 ], [ -59.94984422907811, -3.135594517083263 ], [ -59.949843364124547, -3.135569920455463 ], [ -59.949842519521162, -3.135545323680696 ], [ -59.949842298748344, -3.135522186172212 ], [ -59.949842097457534, -3.135499048523072 ], [ -59.949843338262752, -3.135474285137296 ], [ -59.949844603065706, -3.135449521578325 ], [ -59.949844420243359, -3.135426884348704 ], [ -59.949844258899304, -3.135404246964006 ], [ -59.949844365266721, -3.13537856643992 ], [ -59.949844501117262, -3.135352885703001 ], [ -59.949844725164233, -3.13532870598817 ], [ -59.949844977036051, -3.135304526072447 ], [ -59.949845200262935, -3.13528034636346 ], [ -59.949845452952836, -3.135256166441756 ], [ -59.949847703501767, -3.135230819435019 ], [ -59.949849988230753, -3.135205472181608 ], [ -59.949850249409181, -3.135181792751419 ], [ -59.949850542044025, -3.135158113094121 ], [ -59.949851046042888, -3.135134162689905 ], [ -59.949851583800246, -3.13511021204197 ], [ -59.949852007574314, -3.135085261110953 ], [ -59.94985246975201, -3.135060309902695 ], [ -59.949853623204156, -3.135034546040843 ], [ -59.949854819535844, -3.135008781869499 ], [ -59.949855156997955, -3.134986102994255 ], [ -59.949855529143171, -3.134963423868614 ], [ -59.949855140105264, -3.134938285362372 ], [ -59.949854795451806, -3.134913146535693 ], [ -59.949853998217726, -3.134889550524182 ], [ -59.949853241672209, -3.134865954218913 ], [ -59.949855037936473, -3.134841649485929 ], [ -59.949856878940814, -3.134817344430068 ], [ -59.949857053985419, -3.134792664515256 ], [ -59.949857276935035, -3.134767984254649 ], [ -59.949857570912087, -3.134744805140034 ], [ -59.949857908631373, -3.134721625709668 ] ] } },
{ "type": "Feature", "properties": { "id_linha": 24, "comprimento_m": 301.296, "classificacao": "reta", "n_pontos": 55, "desvio_relativo": 0.00715 }, "geometry": { "type": "LineString", "coordinates": [ [ -59.949919774521, -3.137422760581938 ], [ -59.949920109874476, -3.137399581171378 ], [ -59.949920406313034, -3.13737640204183 ], [ -59.949920588484169, -3.137351221525405 ], [ -59.949920726503088, -3.137326041327801 ], [ -59.949921771291663, -3.137298276041574 ], [ -59.949922764785605, -3.137270511125795 ], [ -59.949924716852678, -3.137247706929991 ], [ -59.949926635863463, -3.137224902972951 ], [ -59.949927380403096, -3.137200181060475 ], [ -59.949928087743714, -3.137175459416687 ], [ -59.949928961125885, -3.137148965694284 ], [ -59.949929793869501, -3.137122472265387 ], [ -59.949930555735037, -3.137098000504168 ], [ -59.949931284694912, -3.137073528980564 ], [ -59.949930297247441, -3.137050453841357 ], [ -59.949929281979962, -3.137027378902958 ], [ -59.949928892456434, -3.137001739849215 ], [ -59.949928470457415, -3.136976101029913 ], [ -59.949928760438098, -3.136952421393401 ], [ -59.949929024330672, -3.136928741945282 ], [ -59.949927617452111, -3.136903686566666 ], [ -59.949926183111984, -3.136878631386281 ], [ -59.949925944573124, -3.136854993454082 ], [ -59.949925683185469, -3.136831355686868 ], [ -59.949927474616175, -3.136806550438291 ], [ -59.949929242640657, -3.136781745358804 ], [ -59.949929452395935, -3.136757065195384 ], [ -59.949929640705257, -3.136732385186813 ], [ -59.949927214951707, -3.136707913494292 ], [ -59.949924769789106, -3.136683441941804 ], [ -59.949925466141437, -3.136658219823573 ], [ -59.949926143745408, -3.136632997840715 ], [ -59.949924359109076, -3.136609985289663 ], [ -59.949922560323991, -3.136586972840696 ], [ -59.949922727976777, -3.136561792428074 ], [ -59.949922880481076, -3.136536612124844 ], [ -59.949920939540277, -3.1365115984904 ], [ -59.949918985455383, -3.136486584950751 ], [ -59.949919112531916, -3.136460904278023 ], [ -59.949919227708222, -3.136435223691223 ], [ -59.949921012073489, -3.136410418493113 ], [ -59.949922787144573, -3.136385613362172 ], [ -59.949921575617147, -3.136359786798959 ], [ -59.949920355955541, -3.136333960294394 ], [ -59.949918713630574, -3.136309426112466 ], [ -59.949917065722168, -3.136284891970781 ], [ -59.949916603721249, -3.13625850261009 ], [ -59.949916137321388, -3.136232113281137 ], [ -59.94991584938338, -3.136207975152013 ], [ -59.949915559471798, -3.136183837037111 ], [ -59.949914139019377, -3.136158781755902 ], [ -59.949912718230806, -3.136133726477035 ], [ -59.949912623547945, -3.13611208971738 ], [ -59.949912529881665, -3.136090452950357 ], [ -59.949912493271647, -3.136062771247121 ], [ -59.949912460515698, -3.136035089516036 ], [ -59.949912813292038, -3.136012410531066 ], [ -59.949913170155313, -3.135989731516582 ], [ -59.949911970513085, -3.135964155143697 ], [ -59.9499107779043, -3.135938578719983 ], [ -59.94991022156222, -3.135914461472744 ], [ -59.949909673147793, -3.135890344168207 ], [ -59.949911443799081, -3.135862962524651 ], [ -59.949913226891432, -3.135835580791337 ], [ -59.949911120536832, -3.135811142682425 ], [ -59.949909025909797, -3.135786704488749 ], [ -59.949908321226793, -3.135764108915615 ], [ -59.949907627954438, -3.135741513260062 ], [ -59.949908424727539, -3.135717792074523 ], [ -59.949909235574204, -3.135694070787419 ], [ -59.949908215102852, -3.135667473070395 ], [ -59.949907214407894, -3.13564087521052 ], [ -59.949906955802845, -3.135617237421959 ], [ -59.949906714438463, -3.135593599508932 ], [ -59.949906250657655, -3.13557073297549 ], [ -59.949905804422698, -3.135547866315349 ], [ -59.949905406393661, -3.135522477597933 ], [ -59.949905031796341, -3.135497088711325 ], [ -59.949902847988632, -3.135472596326942 ], [ -59.949900687747508, -3.135448103772298 ], [ -59.949902375520068, -3.135422298164142 ], [ -59.949904091335021, -3.135396492353631 ], [ -59.949903789270834, -3.135372354325629 ], [ -59.949903513455908, -3.135348216108124 ], [ -59.949905357515355, -3.135324411583307 ], [ -59.949907228642708, -3.13530060686314 ], [ -59.949909559201011, -3.135276260383994 ], [ -59.949911919716968, -3.135251913688678 ], [ -59.949914124096608, -3.135217506542339 ], [ -59.949916392360471, -3.135183098934937 ], [ -59.949918726865818, -3.135148690849435 ], [ -59.949919191033004, -3.135124240179285 ], [ -59.949919690711361, -3.135099789252789 ], [ -59.949920154030714, -3.1350753385887 ], [ -59.949920654554745, -3.135050887656048 ], [ -59.949919780061414, -3.135026291096287 ], [ -59.949918944968374, -3.135001694252059 ], [ -59.949918228654482, -3.134979098762076 ], [ -59.949917546986214, -3.134956503021959 ], [ -59.949917972040843, -3.13492827954218 ], [ -59.94991845345816, -3.134900055655542 ], [ -59.949919196656694, -3.134875834302564 ], [ -59.949919983139218, -3.134851612637161 ], [ -59.949920988925705, -3.134827370443862 ], [ -59.949922039713023, -3.134803127925716 ], [ -59.949921871178383, -3.134777468329526 ], [ -59.949921754999728, -3.13475180835536 ], [ -59.949920915219657, -3.134727712097604 ], [ -59.949920123304395, -3.134703615494291 ] ] } },
{ "type": "Feature", "properties": { "id_linha": 25, "comprimento_m": 307.108, "classificacao": "reta", "n_pontos": 58, "desvio_relativo": 0.00723 }, "geometry": { "type": "LineString", "coordinates": [ [ -59.949983153905258, -3.137446939994746 ], [ -59.949983695990049, -3.137422989317526 ], [ -59.949984195738892, -3.137399038946043 ], [ -59.949985905341983, -3.137376505721102 ], [ -59.949987578866455, -3.137353972756733 ], [ -59.949989189275158, -3.137326666050571 ], [ -59.949990748838111, -3.137299359711626 ], [ -59.949991005903044, -3.13727517975974 ], [ -59.94999122481574, -3.137251000083402 ], [ -59.949991442865361, -3.137226319860243 ], [ -59.949991622891048, -3.137201639911691 ], [ -59.949991878298832, -3.137177459971698 ], [ -59.949992098864648, -3.137153280283306 ], [ -59.949993632565416, -3.137128495839624 ], [ -59.949995131428402, -3.137103711647586 ], [ -59.949993880977878, -3.137080657351309 ], [ -59.949992601807821, -3.137057603262368 ], [ -59.9499930415937, -3.137032401940789 ], [ -59.949993448872974, -3.137007200853931 ], [ -59.949992120157887, -3.136983146016775 ], [ -59.949990763448781, -3.136959091381692 ], [ -59.949990487803895, -3.13693495316416 ], [ -59.949990185616294, -3.136910815138274 ], [ -59.94999148996542, -3.13688655184743 ], [ -59.949992769170976, -3.136862288738188 ], [ -59.949993018823832, -3.136838108839318 ], [ -59.949993245130763, -3.136813929109049 ], [ -59.949993378474083, -3.136788248390978 ], [ -59.949993487386848, -3.136762567849322 ], [ -59.949992193114142, -3.136739013316264 ], [ -59.949990879855555, -3.136715458920211 ], [ -59.949991731114473, -3.136692237894864 ], [ -59.949992565406653, -3.136669016992073 ], [ -59.949990742704486, -3.136645504162831 ], [ -59.949988904077074, -3.136621991448482 ], [ -59.949988584092061, -3.13659735299779 ], [ -59.949988248331564, -3.13657271466099 ], [ -59.949988377060357, -3.13654703397597 ], [ -59.949988490578257, -3.136521353400804 ], [ -59.949986588073756, -3.136496840041672 ], [ -59.949984673443666, -3.136472326770026 ], [ -59.949985443395519, -3.136448105225524 ], [ -59.949986203183805, -3.136423883754468 ], [ -59.9499864066199, -3.13639920363582 ], [ -59.949986601226087, -3.136374523580957 ], [ -59.949985281293905, -3.136350718956379 ], [ -59.949983954733376, -3.136326914379586 ], [ -59.949983199775581, -3.136303568340157 ], [ -59.949982439934928, -3.136280222335952 ], [ -59.949982075047636, -3.136255083656125 ], [ -59.949981706276581, -3.136229945004344 ], [ -59.949981828448031, -3.136204264366299 ], [ -59.949981948509752, -3.136178583743503 ], [ -59.949980195842627, -3.136156071514165 ], [ -59.949978442969716, -3.136133559286254 ], [ -59.949977958419296, -3.136106919811386 ], [ -59.949977475603518, -3.136080280323979 ], [ -59.949978355948815, -3.136057559640878 ], [ -59.949979239030597, -3.13603483893805 ], [ -59.949976840205636, -3.136010867603694 ], [ -59.949974445990456, -3.135986896235946 ], [ -59.949974739427446, -3.135963466849435 ], [ -59.949975038768976, -3.135940037420295 ], [ -59.94997498977704, -3.135915628344519 ], [ -59.949974948846851, -3.13589121921053 ], [ -59.949975367147395, -3.135866018042674 ], [ -59.949975795864439, -3.135840816799604 ], [ -59.949976028193433, -3.135816637024652 ], [ -59.949976271785403, -3.135792457168409 ], [ -59.949974922667259, -3.135768402477621 ], [ -59.949973586325477, -3.13574434769452 ], [ -59.949973211612701, -3.135719209085082 ], [ -59.949972852647733, -3.135694070361962 ], [ -59.949972028747318, -3.135669973990287 ], [ -59.949971220977837, -3.135645877502093 ], [ -59.949972503735836, -3.135621614365383 ], [ -59.94997380447662, -3.135597351098887 ], [ -59.949972070526115, -3.135571816471859 ], [ -59.949970358411043, -3.135546281687128 ], [ -59.949969854537088, -3.13552291488983 ], [ -59.949969370484432, -3.135499547949385 ], [ -59.949968563019894, -3.13547570173538 ], [ -59.949967777758943, -3.135451855361013 ], [ -59.949967964020473, -3.135427175365301 ], [ -59.949968175764042, -3.135402495185594 ], [ -59.949967267930631, -3.135377398313706 ], [ -59.949966388282107, -3.135352301238269 ], [ -59.949968271930999, -3.135328996979931 ], [ -59.949970181362382, -3.135305692535504 ], [ -59.949969877766925, -3.135281554518103 ], [ -59.949969603471033, -3.135257416289146 ], [ -59.949972828439051, -3.135230985362008 ], [ -59.949976090511839, -3.135204554167142 ], [ -59.949976108069379, -3.135181145715939 ], [ -59.949976156363796, -3.135157737042828 ], [ -59.949975646334259, -3.135134370289532 ], [ -59.949975168422824, -3.135111003304371 ], [ -59.949975954910926, -3.135087282191657 ], [ -59.949976776007006, -3.135063560829158 ], [ -59.949979022978454, -3.135038213846258 ], [ -59.949981311256636, -3.135012866565227 ], [ -59.94998059511105, -3.134990271073834 ], [ -59.949979913267036, -3.134967675334777 ], [ -59.949980498248749, -3.134941452911772 ], [ -59.949981131336337, -3.1349152301415 ], [ -59.949980860971735, -3.13489159243666 ], [ -59.949980631330661, -3.134867954437794 ], [ -59.949982427636471, -3.134843649703134 ], [ -59.949984268582526, -3.134819344646294 ], [ -59.949985149973514, -3.134796874230378 ], [ -59.949986070907372, -3.134774403529034 ], [ -59.949986225217657, -3.134749473486517 ], [ -59.94998642993145, -3.134724543080152 ], [ -59.949986866752035, -3.134699842329854 ], [ -59.949987354799219, -3.134675141209789 ] ] } },
{ "type": "Feature", "properties": { "id_linha": 26, "comprimento_m": 301.779, "classificacao": "reta", "n_pontos": 57, "desvio_relativo": 0.00606 }, "geometry": { "type": "LineString", "coordinates": [ [ -59.950044686383187, -3.137426970407438 ], [ -59.95004735504002, -3.137403103097971 ], [ -59.950049982349441, -3.1373792360872 ], [ -59.950050278893201, -3.137355556402976 ], [ -59.950050536222797, -3.137331877001928 ], [ -59.950051695317711, -3.137305612548006 ], [ -59.950052808187216, -3.137279348427954 ], [ -59.950053064916261, -3.137255168478084 ], [ -59.950053284155814, -3.137230988798939 ], [ -59.950054441233185, -3.137204724359416 ], [ -59.950055556114926, -3.137178460224647 ], [ -59.950056941566295, -3.13715519745389 ], [ -59.950058295474378, -3.137131934911008 ], [ -59.950058022755023, -3.137107796672195 ], [ -59.950057717639339, -3.137083658667308 ], [ -59.950056653684854, -3.137059582974122 ], [ -59.950055559107341, -3.137035507502005 ], [ -59.950055586589549, -3.137011848704272 ], [ -59.950055586068011, -3.136988190108738 ], [ -59.950056326420039, -3.136963468225139 ], [ -59.950057037920423, -3.136938746549874 ], [ -59.950056158171734, -3.136913649476356 ], [ -59.950055250480617, -3.136888552604549 ], [ -59.950055500582351, -3.136864372702052 ], [ -59.950055726433128, -3.136840192974677 ], [ -59.950054471919948, -3.13681713870739 ], [ -59.950053196796816, -3.136794084588853 ], [ -59.950053933708467, -3.136769362729844 ], [ -59.950054648641036, -3.136744641029541 ], [ -59.95005357898323, -3.136720565377272 ], [ -59.950052490098336, -3.136696489863744 ], [ -59.950052248613297, -3.136672851951938 ], [ -59.95005199014863, -3.136649214162747 ], [ -59.950051856883157, -3.136623554313337 ], [ -59.950051705491759, -3.136597894594807 ], [ -59.950051462408339, -3.136574256694428 ], [ -59.950051205538507, -3.136550618893625 ], [ -59.950050806930747, -3.136524979904217 ], [ -59.950050393980149, -3.136499341018342 ], [ -59.950049661121689, -3.136476245095743 ], [ -59.950048918129305, -3.136453149246306 ], [ -59.950048633935054, -3.13642901108965 ], [ -59.9500483402702, -3.136404873001382 ], [ -59.950048582168954, -3.136380693157557 ], [ -59.950048816204216, -3.136356513370505 ], [ -59.950046403335556, -3.136332291861222 ], [ -59.950043984212407, -3.136308070396978 ], [ -59.95004315122965, -3.136283723814703 ], [ -59.950042313603547, -3.136259377265924 ], [ -59.950042026133382, -3.136235239132747 ], [ -59.950041735738132, -3.136211101020679 ], [ -59.950041408519652, -3.136186462621454 ], [ -59.950041079969942, -3.136161824231836 ], [ -59.950042410504551, -3.136138061303267 ], [ -59.950043741384384, -3.136114298372254 ], [ -59.95004288556801, -3.136089701678171 ], [ -59.950042031818334, -3.136065104969096 ], [ -59.950041702028564, -3.13604046658828 ], [ -59.95004137604456, -3.136015828179977 ], [ -59.950041045386904, -3.135991189805377 ], [ -59.950040720269044, -3.135966551390786 ], [ -59.950039413179411, -3.135942996949472 ], [ -59.950038112707098, -3.135919442460327 ], [ -59.950038307233982, -3.135894762405028 ], [ -59.950038510721726, -3.135870082285039 ], [ -59.950038782719425, -3.135846402776275 ], [ -59.950039064536789, -3.13582272319664 ], [ -59.950037189052914, -3.135798710194841 ], [ -59.950035325276275, -3.135774697108444 ], [ -59.950034502737829, -3.135750600726761 ], [ -59.950033693600815, -3.135726504248275 ], [ -59.950032909517752, -3.135702908141885 ], [ -59.950032139825211, -3.135679311931551 ], [ -59.950033344528549, -3.135654048251907 ], [ -59.950034567514784, -3.135628784440327 ], [ -59.950035323117966, -3.135604562997862 ], [ -59.950036097211871, -3.13558034142196 ], [ -59.95003739854193, -3.135556328426931 ], [ -59.950038719649818, -3.135532315289137 ], [ -59.950038176160639, -3.135508448224546 ], [ -59.95003765381238, -3.135484581007277 ], [ -59.950037577227206, -3.135459921853279 ], [ -59.950037524913277, -3.135435262524054 ], [ -59.950037223511835, -3.135411124490606 ], [ -59.9500369470178, -3.135386986277309 ], [ -59.950037316493372, -3.135361284907797 ], [ -59.950037716103658, -3.135335583320735 ], [ -59.950039540192961, -3.135311528662152 ], [ -59.950041392321758, -3.135287473801173 ], [ -59.950041108210165, -3.13526358591917 ], [ -59.950040853371043, -3.135239697825824 ], [ -59.950040976430536, -3.135214267456167 ], [ -59.950041134505121, -3.135188836833702 ], [ -59.950039979187167, -3.135164010969059 ], [ -59.950038859060705, -3.135139184850311 ], [ -59.950040548145935, -3.135115140638335 ], [ -59.95004227182126, -3.135091096176692 ], [ -59.950041872601091, -3.135067468874234 ], [ -59.950041508366347, -3.135043841319222 ], [ -59.950041930953773, -3.135018890395235 ], [ -59.950042394289291, -3.134993939177092 ], [ -59.950042835880289, -3.134969238392341 ], [ -59.950043319160812, -3.13494453730663 ], [ -59.950043049274534, -3.134920899598002 ], [ -59.950042819148116, -3.134897261602319 ], [ -59.95004376591352, -3.134872269004634 ], [ -59.950044758854922, -3.134847276073648 ], [ -59.950046634557658, -3.134823971870995 ], [ -59.95004855190107, -3.134800667367801 ], [ -59.950048746631047, -3.134776237586032 ], [ -59.95004898881956, -3.134751807461676 ], [ -59.950049831233386, -3.134727200504093 ], [ -59.950050723497903, -3.134702593186677 ] ] } },
{ "type": "Feature", "properties": { "id_linha": 27, "comprimento_m": 306.219, "classificacao": "reta", "n_pontos": 58, "desvio_relativo": 0.00478 }, "geometry": { "type": "LineString", "coordinates": [ [ -59.950113123756601, -3.137427595294029 ], [ -59.950115528945474, -3.137403748830265 ], [ -59.95011789281515, -3.137379902665007 ], [ -59.950118151253108, -3.137355722702448 ], [ -59.950118368779137, -3.137331543035368 ], [ -59.950117083675742, -3.137307988436228 ], [ -59.950115761248952, -3.137284434106523 ], [ -59.950118011444076, -3.137258586549716 ], [ -59.950120218697222, -3.13723273930308 ], [ -59.950120512861965, -3.137209059635347 ], [ -59.950120772555628, -3.137185380216558 ], [ -59.950122119851642, -3.137161617167763 ], [ -59.950123434006407, -3.137137854358325 ], [ -59.950124062272948, -3.137111631624711 ], [ -59.950124652153953, -3.137085409168313 ], [ -59.950125547553263, -3.137062688376685 ], [ -59.95012641560438, -3.137039967782556 ], [ -59.950124522155356, -3.137015454358209 ], [ -59.950122598465875, -3.136990941152141 ], [ -59.950121834817622, -3.136967344899001 ], [ -59.95012104472125, -3.136943748836832 ], [ -59.950120730410873, -3.136919110344821 ], [ -59.950120388969971, -3.136894472048663 ], [ -59.950120677633031, -3.136870792420253 ], [ -59.950120942815005, -3.136847112961422 ], [ -59.950120549866369, -3.136821473931097 ], [ -59.950120131258252, -3.136795835086053 ], [ -59.950119210399379, -3.136770237755991 ], [ -59.95011826590369, -3.136744640596564 ], [ -59.950119117625206, -3.136721419566915 ], [ -59.950119951439838, -3.136698198666594 ], [ -59.950119183061432, -3.136674602447373 ], [ -59.950118397685685, -3.136651006350861 ], [ -59.95011811683991, -3.136626868169849 ], [ -59.950117819824705, -3.136602730105601 ], [ -59.950117460858891, -3.13657759138265 ], [ -59.950117086159942, -3.136552452773269 ], [ -59.950116392832037, -3.13652985711802 ], [ -59.950115688203383, -3.136507261544312 ], [ -59.950114157524744, -3.136480705399762 ], [ -59.950112613241743, -3.136454149353329 ], [ -59.95011244536812, -3.136431512015386 ], [ -59.950112269077515, -3.136408874738207 ], [ -59.950112549842203, -3.13638519516631 ], [ -59.950112822904337, -3.136361515650041 ], [ -59.950111405701612, -3.136336460344956 ], [ -59.950109981641624, -3.136311405089323 ], [ -59.950110578275932, -3.136286693714184 ], [ -59.950111170008377, -3.136261982374462 ], [ -59.950109979956963, -3.136238167339488 ], [ -59.95010878694427, -3.136214352325839 ], [ -59.950108137942941, -3.136188984364498 ], [ -59.950107487418101, -3.136163616414133 ], [ -59.950108535055215, -3.136139624195379 ], [ -59.950109582976317, -3.136115631974645 ], [ -59.950108561236128, -3.136092306805094 ], [ -59.950107541257601, -3.13606898162279 ], [ -59.950107152986959, -3.136043592834397 ], [ -59.950106768623087, -3.136018204017771 ], [ -59.950106496612761, -3.135994316048837 ], [ -59.950106229690739, -3.135970428043183 ], [ -59.950105610595557, -3.135947196688024 ], [ -59.950104997788323, -3.135923965287413 ], [ -59.950104504441661, -3.13589896214448 ], [ -59.950104020126211, -3.135873958936324 ], [ -59.950105043344621, -3.135849716616979 ], [ -59.95010607672134, -3.135825474224337 ], [ -59.950104708563437, -3.135801169394218 ], [ -59.950103352294313, -3.135776864478169 ], [ -59.950102392431802, -3.135751017152256 ], [ -59.950101447954644, -3.135725169715222 ], [ -59.950101249615798, -3.135702282320051 ], [ -59.950101064815215, -3.135679394827128 ], [ -59.950101801629408, -3.135654923243375 ], [ -59.950102555554913, -3.135630451536083 ], [ -59.950103389853169, -3.135607230630853 ], [ -59.950104241046255, -3.135584009603643 ], [ -59.950105219946138, -3.135559267050926 ], [ -59.950106219726784, -3.135534524347491 ], [ -59.950106393946314, -3.13551135556903 ], [ -59.950106587973302, -3.135488186647555 ], [ -59.95010599791766, -3.135462057958172 ], [ -59.950105435015907, -3.135435929072695 ], [ -59.95010553515182, -3.135413521130723 ], [ -59.95010565666329, -3.135391113034427 ], [ -59.950105012056461, -3.135365995316975 ], [ -59.95010439605776, -3.135340877392931 ], [ -59.950106707544464, -3.135316280772669 ], [ -59.950109048157294, -3.135291683942205 ], [ -59.950108500694512, -3.135267816905705 ], [ -59.950107982302036, -3.135243949659293 ], [ -59.950107230012982, -3.135220853875557 ], [ -59.950106506402307, -3.135197757884749 ], [ -59.950106951603829, -3.135173057073703 ], [ -59.9501074312738, -3.135148356013853 ], [ -59.950109274775571, -3.135122915221085 ], [ -59.950111156691243, -3.135097474151046 ], [ -59.950110668221932, -3.135072721248426 ], [ -59.950110217948236, -3.135047968070028 ], [ -59.950111043138619, -3.135024747229727 ], [ -59.950111903414118, -3.135001526136133 ], [ -59.950111858101117, -3.134977367308309 ], [ -59.950111852387899, -3.134953208194577 ], [ -59.95011257659138, -3.134928736700764 ], [ -59.950113343094586, -3.134904264901581 ], [ -59.950112525814411, -3.134880418757232 ], [ -59.95011175032986, -3.134856572311132 ], [ -59.950111702562566, -3.134832413500838 ], [ -59.950111699298013, -3.134808254369261 ], [ -59.950112847917097, -3.134782490539448 ], [ -59.950114049033303, -3.134756726330705 ], [ -59.950113612451034, -3.134734360152016 ], [ -59.9501132168648, -3.134711993677398 ], [ -59.950113673471385, -3.134687543059784 ], [ -59.950114180665913, -3.134663092077036 ] ] } },
{ "type": "Feature", "properties": { "id_linha": 28, "comprimento_m": 300.859, "classificacao": "reta", "n_pontos": 57, "desvio_relativo": 0.00528 }, "geometry": { "type": "LineString", "coordinates": [ [ -59.950182207021328, -3.137416088568256 ], [ -59.950181977208402, -3.137392450572217 ], [ -59.9501817070811, -3.137368812867321 ], [ -59.950181965334544, -3.137344632905664 ], [ -59.950182183036141, -3.13732045323685 ], [ -59.950184586463195, -3.137296606784817 ], [ -59.950186952080273, -3.137272760605906 ], [ -59.95018461212365, -3.137249289400121 ], [ -59.950182236944435, -3.13722581844856 ], [ -59.950184130976147, -3.137202263839458 ], [ -59.950185991136834, -3.137178709475023 ], [ -59.950186150578297, -3.137153278844173 ], [ -59.950186272331443, -3.137127848485433 ], [ -59.950185642635432, -3.137104241792851 ], [ -59.950184982032361, -3.137080635323434 ], [ -59.950186476150826, -3.137055350610475 ], [ -59.950187936665607, -3.137030066140212 ], [ -59.950186476609318, -3.137006021723008 ], [ -59.950184987766882, -3.136981977513607 ], [ -59.95018550293058, -3.136957776752149 ], [ -59.950185990604204, -3.13693357618925 ], [ -59.950185637708536, -3.136908437422456 ], [ -59.950185256942667, -3.13688329885691 ], [ -59.9501860338979, -3.136859077260771 ], [ -59.950186786674017, -3.136834855839257 ], [ -59.950186283973025, -3.136811238757279 ], [ -59.95018575981382, -3.136787621830209 ], [ -59.950185481281146, -3.136763483632288 ], [ -59.950185181948925, -3.136739345584538 ], [ -59.950185268876986, -3.136714800916567 ], [ -59.950185336003379, -3.136690256391596 ], [ -59.95018551857104, -3.136666962415455 ], [ -59.950185684808794, -3.136643668557246 ], [ -59.950185179013516, -3.136620051497429 ], [ -59.95018465794201, -3.136596434547898 ], [ -59.950184787137744, -3.136570753858183 ], [ -59.950184900161908, -3.136545073285239 ], [ -59.95018491968731, -3.136521414543592 ], [ -59.950184927086987, -3.136497755889505 ], [ -59.950182946734728, -3.136472241986212 ], [ -59.950180954122253, -3.136446728171336 ], [ -59.950180894517679, -3.136422068894979 ], [ -59.950180825241475, -3.136397409688469 ], [ -59.950180919981406, -3.136374751509585 ], [ -59.950181007964176, -3.136352093379501 ], [ -59.950179551765544, -3.136326537802802 ], [ -59.95017808879026, -3.136300982274951 ], [ -59.950177567731018, -3.136277240186773 ], [ -59.950177042437048, -3.136253498129163 ], [ -59.950176423346782, -3.136228505366274 ], [ -59.950175801328768, -3.136203512624504 ], [ -59.950176283800367, -3.136179061821689 ], [ -59.950176765184139, -3.13615461102675 ], [ -59.95017566612146, -3.136130285309317 ], [ -59.950174567655019, -3.136105959587528 ], [ -59.95017332132052, -3.136083155536791 ], [ -59.950172076932027, -3.136060351471931 ], [ -59.95017328869546, -3.13603508774057 ], [ -59.950174504620357, -3.136009823979184 ], [ -59.950172573664652, -3.135985060548371 ], [ -59.950170648494677, -3.135960297075716 ], [ -59.950170629009797, -3.135935130641379 ], [ -59.950170617326883, -3.13590996415074 ], [ -59.95016976268824, -3.135884863737033 ], [ -59.950168917650906, -3.135859763253946 ], [ -59.950167662213758, -3.135835197861053 ], [ -59.950166417713945, -3.135810632389154 ], [ -59.950167439856763, -3.135786390076954 ], [ -59.950168474297982, -3.135762147676034 ], [ -59.950169212553241, -3.135737676081412 ], [ -59.950169965032252, -3.135713204384153 ], [ -59.950169503078314, -3.135690337836384 ], [ -59.950169054987356, -3.135667471188515 ], [ -59.95017089239149, -3.135640143894022 ], [ -59.950172751739473, -3.13561281644121 ], [ -59.950170971093158, -3.13559005413678 ], [ -59.950169207209491, -3.135567291711239 ], [ -59.950169596161537, -3.135543476746334 ], [ -59.950170004968186, -3.135519661638086 ], [ -59.950170979101991, -3.135496555388535 ], [ -59.950171973369834, -3.135473448993681 ], [ -59.950172140293581, -3.135448518859685 ], [ -59.950172332397116, -3.135423588543909 ], [ -59.950172030805774, -3.135399450511048 ], [ -59.950171754483243, -3.135375312295747 ], [ -59.950172505781737, -3.135351090882895 ], [ -59.950173284151198, -3.135326869274616 ], [ -59.950174074172217, -3.135303148135124 ], [ -59.950174891718859, -3.135279426796916 ], [ -59.950175193681943, -3.135256247623126 ], [ -59.950175523394712, -3.135233068248973 ], [ -59.950175745428204, -3.135208888546272 ], [ -59.950175999264673, -3.135184708613969 ], [ -59.95017512713568, -3.135160112036178 ], [ -59.950174289648125, -3.135135515208241 ], [ -59.95017398318727, -3.135111377210232 ], [ -59.950173711723302, -3.135087238959531 ], [ -59.95017543231409, -3.135061933663828 ], [ -59.950177193156215, -3.135036628077579 ], [ -59.95017639793376, -3.13501303205036 ], [ -59.950175639338589, -3.134989435758678 ], [ -59.950176990451411, -3.134966173231478 ], [ -59.95017837858439, -3.134942910437058 ], [ -59.950177989190635, -3.134917771931579 ], [ -59.9501776448474, -3.134892633100835 ], [ -59.950177214628255, -3.134866994337104 ], [ -59.950176833206378, -3.134841355221017 ], [ -59.950177695013522, -3.134818634668473 ], [ -59.950178596557386, -3.134795913829081 ], [ -59.950178851091728, -3.134772234444152 ], [ -59.950179150311605, -3.134748554736625 ], [ -59.950179364128573, -3.134724375092587 ], [ -59.950179626161606, -3.134700195100468 ] ] } },
{ "type": "Feature", "properties": { "id_linha": 29, "comprimento_m": 300.587, "classificacao": "reta", "n_pontos": 57, "desvio_relativo": 0.00577 }, "geometry": { "type": "LineString", "coordinates": [ [ -59.950244559584469, -3.137393033931925 ], [ -59.950244799203276, -3.137368603827959 ], [ -59.950244996581681, -3.137344174029035 ], [ -59.950245876770275, -3.13732120307006 ], [ -59.950246721077384, -3.137298232370267 ], [ -59.950248295532703, -3.137273948182914 ], [ -59.950249831514789, -3.137249664273462 ], [ -59.950250125961588, -3.137225984602861 ], [ -59.950250385357002, -3.137202305185393 ], [ -59.950251656469511, -3.137177541579494 ], [ -59.950252890989653, -3.137152778237868 ], [ -59.950252618633399, -3.137128639995384 ], [ -59.950252313129425, -3.137104501992227 ], [ -59.950251017249798, -3.137082583739657 ], [ -59.950249695304066, -3.137060665675263 ], [ -59.950249589061748, -3.13703525590647 ], [ -59.950249449586423, -3.13700984637767 ], [ -59.950249541245327, -3.136985301675442 ], [ -59.950249603642995, -3.136960757184521 ], [ -59.950250324324905, -3.136935785164813 ], [ -59.950251016517335, -3.136910813350852 ], [ -59.95025128622899, -3.136886883581931 ], [ -59.950251531395331, -3.136862953990254 ], [ -59.950250765685709, -3.136839357751381 ], [ -59.950249977629539, -3.136815761673813 ], [ -59.950250676443694, -3.136790539535318 ], [ -59.950251351546768, -3.136765317568049 ], [ -59.950251567505433, -3.136744160172846 ], [ -59.950251767978209, -3.136723002889466 ], [ -59.950250948563827, -3.136697019939373 ], [ -59.950250107625287, -3.136671037144659 ], [ -59.950248818152971, -3.136645846306764 ], [ -59.950247510327017, -3.136620655601321 ], [ -59.950246740702212, -3.136597059390478 ], [ -59.950245956553552, -3.136573463284479 ], [ -59.950246162647836, -3.136548783145073 ], [ -59.950246354566652, -3.136524103108034 ], [ -59.950247164127852, -3.136500381828444 ], [ -59.950247962175823, -3.136476660632053 ], [ -59.950246136398867, -3.136453147824475 ], [ -59.950244300807256, -3.136429635087695 ], [ -59.950243899905054, -3.136403996113676 ], [ -59.950243489216781, -3.136378357210283 ], [ -59.950243808309494, -3.136355177913694 ], [ -59.950244120926811, -3.136331998663875 ], [ -59.950243191256973, -3.136306401396444 ], [ -59.950242255537901, -3.136280804172628 ], [ -59.950241441538566, -3.136256707728909 ], [ -59.950240623852117, -3.136232611311785 ], [ -59.950239886873767, -3.136209515417884 ], [ -59.950239147968098, -3.136186419537887 ], [ -59.950238293429322, -3.136161822833829 ], [ -59.950237438377897, -3.136137226133449 ], [ -59.950238124673682, -3.136112004084482 ], [ -59.950238812266768, -3.136086782026173 ], [ -59.950237916957391, -3.136061685063388 ], [ -59.950237024771411, -3.136036588078035 ], [ -59.950236245708943, -3.136012991934846 ], [ -59.950235470979663, -3.135989395760336 ], [ -59.950234691154613, -3.135965799622642 ], [ -59.95023391718653, -3.13594220344261 ], [ -59.950234512479447, -3.135919253483349 ], [ -59.950235114728407, -3.135896303473896 ], [ -59.950232966314466, -3.135868788571588 ], [ -59.95023083013124, -3.135841273580829 ], [ -59.950230936177093, -3.13581886559589 ], [ -59.950231051778054, -3.135796457541946 ], [ -59.950230072681748, -3.135770360077904 ], [ -59.950229108469841, -3.135744262506328 ], [ -59.950229339175536, -3.135720082741285 ], [ -59.950229584353224, -3.135695902871737 ], [ -59.950230867979776, -3.13567163972637 ], [ -59.950232167820175, -3.135647376464 ], [ -59.950232963074299, -3.13562365528667 ], [ -59.950233775393855, -3.13559993398615 ], [ -59.950234569873871, -3.135576212814296 ], [ -59.950235382965232, -3.135552491508124 ], [ -59.950234312956844, -3.135528666133154 ], [ -59.95023326331021, -3.135504840611167 ], [ -59.950233694233098, -3.13547988962619 ], [ -59.950234149226496, -3.135454938467448 ], [ -59.950234084736408, -3.13543380204033 ], [ -59.950234038717788, -3.135412665479846 ], [ -59.950234145272454, -3.135386984951747 ], [ -59.950234280880977, -3.135361304213872 ], [ -59.950235558796827, -3.135337041109189 ], [ -59.950236864331835, -3.13531277780514 ], [ -59.95023757500077, -3.135288056132048 ], [ -59.950238316086363, -3.135263334239355 ], [ -59.950237484942654, -3.135239237918479 ], [ -59.95023668436621, -3.135215141376872 ], [ -59.950236965528077, -3.135191712076288 ], [ -59.950237277080603, -3.135168282556279 ], [ -59.950237095685416, -3.135142372774925 ], [ -59.95023695338638, -3.135116462711308 ], [ -59.950238470689513, -3.135091928656771 ], [ -59.950240024770004, -3.135067394336782 ], [ -59.95023921018845, -3.135043548172602 ], [ -59.950238431994052, -3.135019701745676 ], [ -59.950238650412615, -3.13499552206836 ], [ -59.950238907847044, -3.134971342109387 ], [ -59.950239125445542, -3.1349471624379 ], [ -59.950239383698076, -3.134922982472946 ], [ -59.950239719897525, -3.134900303604122 ], [ -59.950240093254202, -3.134877624467045 ], [ -59.950240229490298, -3.1348524442769 ], [ -59.95024041329647, -3.134827263743319 ], [ -59.95024220892045, -3.134802959010708 ], [ -59.950244050512055, -3.134778653946291 ], [ -59.950243698077202, -3.134754015726394 ], [ -59.950243394662124, -3.134729377152626 ], [ -59.950244054986442, -3.13470415528913 ], [ -59.950244768487707, -3.134678933041739 ] ] } },
{ "type": "Feature", "properties": { "id_linha": 30, "comprimento_m": 263.401, "classificacao": "reta", "n_pontos": 51, "desvio_relativo": 0.0043 }, "geometry": { "type": "LineString", "coordinates": [ [ -59.950312917991539, -3.137399453601565 ], [ -59.950313827638304, -3.137376857844161 ], [ -59.950314700906858, -3.137354262349524 ], [ -59.950315184281337, -3.137329561264103 ], [ -59.950315625841355, -3.137304860480693 ], [ -59.950316371821486, -3.137280138554762 ], [ -59.950317077672409, -3.137255416918617 ], [ -59.950317334010343, -3.1372312369697 ], [ -59.950317553604876, -3.137207057286154 ], [ -59.950317885616094, -3.137183877896802 ], [ -59.950318185337828, -3.137160698740606 ], [ -59.950319944425182, -3.137135393168883 ], [ -59.950321666855245, -3.137110087861912 ], [ -59.950320866833529, -3.137085991317706 ], [ -59.950320035187282, -3.137061895001841 ], [ -59.950320063111711, -3.137038236199333 ], [ -59.950320062114507, -3.137014577605671 ], [ -59.950319974184488, -3.136989417980666 ], [ -59.950319855335835, -3.136964258578931 ], [ -59.950319052856827, -3.136940162052368 ], [ -59.950318223663118, -3.136916065718664 ], [ -59.950317343516133, -3.136890968646935 ], [ -59.950316436186128, -3.136865871771422 ], [ -59.950315709014248, -3.13684277580699 ], [ -59.950314960313406, -3.136819679997999 ], [ -59.950315736193552, -3.136795458408452 ], [ -59.95031649002474, -3.136771236978188 ], [ -59.950317110994618, -3.136745014295182 ], [ -59.95031770812782, -3.136718791784312 ], [ -59.950319086380304, -3.136695529062411 ], [ -59.950320447433377, -3.136672266464728 ], [ -59.950319678646224, -3.136648670247596 ], [ -59.950318893652152, -3.136625074147485 ], [ -59.950316915714644, -3.136599560226647 ], [ -59.950314920672049, -3.136574046429202 ], [ -59.950313584699387, -3.136549991643207 ], [ -59.950312235191241, -3.136525936954836 ], [ -59.950312479157816, -3.136501757094421 ], [ -59.950312711095016, -3.136477577320883 ], [ -59.950311296019386, -3.136452521999981 ], [ -59.950309869808144, -3.136427466759407 ], [ -59.950309701546665, -3.136404829423185 ], [ -59.950309525618387, -3.136382192142305 ], [ -59.950309085012584, -3.136356052901534 ], [ -59.950308636115089, -3.136329913720586 ], [ -59.950308779642597, -3.136304483202714 ], [ -59.950308917257132, -3.136279052727517 ], [ -59.950309293134382, -3.136256623849842 ], [ -59.950309665807637, -3.136234194995326 ], [ -59.950307602653972, -3.136207680583482 ], [ -59.950305537013485, -3.136181166189512 ], [ -59.950304838192686, -3.136158570572812 ], [ -59.950304139021327, -3.136135974958617 ], [ -59.950304415357458, -3.136112295417037 ], [ -59.950304692812317, -3.136088615867393 ], [ -59.950303563380885, -3.136060517276834 ], [ -59.950302437896688, -3.136032418657736 ], [ -59.950301697822319, -3.13600932278579 ], [ -59.950300961998124, -3.135986226883097 ], [ -59.950302036305061, -3.13596600756177 ], [ -59.950303114890708, -3.135945788209602 ], [ -59.950303650054359, -3.135915292500104 ], [ -59.950304197688247, -3.135884796700606 ], [ -59.950303124134344, -3.135864243890263 ], [ -59.950302057501105, -3.135843691029901 ], [ -59.950300874713456, -3.135818364810306 ], [ -59.950299704140718, -3.135793038502426 ], [ -59.950298394269886, -3.135769484080339 ], [ -59.950297096539494, -3.135745929570551 ], [ -59.950297854150506, -3.135721708111597 ], [ -59.950298626206845, -3.135697486548386 ], [ -59.950298816827797, -3.135672806519213 ], [ -59.950299024177063, -3.135648126369293 ], [ -59.95029933189219, -3.135624947153602 ], [ -59.950299655851531, -3.135601767820631 ], [ -59.950299825096415, -3.135576837669162 ], [ -59.950300014866599, -3.135551907369526 ], [ -59.950301480660151, -3.135526622857474 ], [ -59.950302969409364, -3.135501338179773 ], [ -59.950303129439327, -3.135476157818195 ], [ -59.950302957328219, -3.135453520508806 ], [ -59.950301641989839, -3.135429966125888 ], [ -59.950300349716123, -3.135406411576439 ], [ -59.950300535194543, -3.135381731584023 ], [ -59.950300747674198, -3.135357051396652 ], [ -59.950299997145109, -3.135333955599534 ], [ -59.950299271753487, -3.135310859620885 ], [ -59.950301523350511, -3.135285512601119 ], [ -59.950303806972052, -3.135260165350211 ], [ -59.950304675054809, -3.135237444751924 ], [ -59.950305570324659, -3.135214723957362 ], [ -59.950305916678985, -3.135188772476028 ], [ -59.950306300413885, -3.135162820724835 ], [ -59.950304538404417, -3.135137036022833 ], [ -59.950302815335966, -3.135111251039603 ], [ -59.950303740655258, -3.135089280857347 ], [ -59.950304695536168, -3.135067310461708 ], [ -59.950304487208463, -3.135044423136837 ], [ -59.950304312347534, -3.135021535570379 ] ] } },
{ "type": "Feature", "properties": { "id_linha": 31, "comprimento_m": 182.592, "classificacao": "reta", "n_pontos": 35, "desvio_relativo": 0.00935 }, "geometry": { "type": "LineString", "coordinates": [ [ -59.950377159653428, -3.137400662123018 ], [ -59.95037696772382, -3.137377524405355 ], [ -59.950376737588449, -3.137354386963576 ], [ -59.950379065337785, -3.137329539949687 ], [ -59.950381350806623, -3.13730469324121 ], [ -59.950383265210974, -3.137281388759464 ], [ -59.95038514392806, -3.137258084535503 ], [ -59.950384873359248, -3.13723394627951 ], [ -59.950384566054133, -3.137209808288746 ], [ -59.950385875528994, -3.137185544957579 ], [ -59.950387149570474, -3.137161281882306 ], [ -59.950387327814873, -3.13713610139075 ], [ -59.950387469686916, -3.13711092116186 ], [ -59.950387517569034, -3.137087512491342 ], [ -59.950387535557958, -3.13706410403669 ], [ -59.95038852159071, -3.137039111155622 ], [ -59.950389475316427, -3.137014118507886 ], [ -59.95038867368136, -3.136990021974978 ], [ -59.950387843636115, -3.136965925647192 ], [ -59.950388622008539, -3.136941704039272 ], [ -59.950389373344152, -3.136917482626623 ], [ -59.950388004711186, -3.136892927523508 ], [ -59.950386609962464, -3.136868372608918 ], [ -59.950385728948014, -3.136843275543082 ], [ -59.95038482247427, -3.136818178661053 ], [ -59.950383606165708, -3.136795624669972 ], [ -59.950382370696673, -3.13677307081718 ], [ -59.950382503284608, -3.136747390101821 ], [ -59.95038261289605, -3.136721709552386 ], [ -59.950383727734774, -3.136698467676278 ], [ -59.950384825295586, -3.136675225924987 ], [ -59.950384281411942, -3.136651108586261 ], [ -59.950383720502096, -3.136626991370425 ], [ -59.95038343926506, -3.136602853190809 ], [ -59.950383142604885, -3.136578715122545 ], [ -59.950382783215439, -3.136553576401153 ], [ -59.95038240890235, -3.136528437787454 ], [ -59.950380583963224, -3.136504924973685 ], [ -59.950378747517568, -3.136481412242898 ], [ -59.950380005820961, -3.136456648727173 ], [ -59.950381253099167, -3.136431885291115 ], [ -59.950380402878203, -3.136407288555517 ], [ -59.950379543498101, -3.13638269188604 ], [ -59.950378653606066, -3.136357594883841 ], [ -59.950377755993692, -3.136332497937354 ], [ -59.950377791501339, -3.13630908935539 ], [ -59.950377821836511, -3.13628568081075 ], [ -59.950377534829535, -3.136261542672433 ], [ -59.950377243927363, -3.136237404562201 ], [ -59.950375658310236, -3.13621362079928 ], [ -59.950374070481409, -3.136189837052227 ], [ -59.950374347697249, -3.136166157503908 ], [ -59.950374624265471, -3.136142477960272 ], [ -59.950374334837562, -3.13611833983928 ], [ -59.950374046351385, -3.136094201711459 ], [ -59.950373678078101, -3.136069063053718 ], [ -59.950373312631477, -3.136043924375556 ], [ -59.950371889657916, -3.13601886911112 ], [ -59.950370471322074, -3.135993813813136 ], [ -59.950371760041392, -3.135969550630112 ], [ -59.950373054784095, -3.135945287403675 ], [ -59.950372313364312, -3.135922191541047 ], [ -59.950371578873614, -3.135899095628349 ], [ -59.950370495008784, -3.135875020076781 ], [ -59.95036942026077, -3.135850944459333 ], [ -59.950369916223003, -3.135826743833671 ], [ -59.950370423026428, -3.135802543129773 ], [ -59.950368468778841, -3.135777529590195 ], [ -59.950366527916451, -3.135752515953881 ] ] } }
]
}
